classname , cbo , dit , fanIn , fanOut , lcom , noc , numberOfAttributes , numberOfAttributesInherited , numberOfLinesOfCode , numberOfMethods , numberOfMethodsInherited , numberOfPrivateAttributes , numberOfPrivateMethods , numberOfPublicAttributes , numberOfPublicMethods , rfc , wmc , bugs , nonTrivialBugs , majorBugs , criticalBugs , highPriorityBugs , 
org::apache::lucene::search::spans::SpanOrQuery ,17,3,10,7,55,0,2,0,170,11,44,2,0,0,11,59,29,1,0,0,0,0, 
org::apache::lucene::index::DocumentsWriter ,34,1,9,27,2415,0,60,0,829,70,9,25,11,19,0,263,177,2,0,0,0,0, 
org::apache::lucene::document::Document ,179,1,174,5,120,0,6,0,138,16,18,5,0,1,16,99,46,0,0,0,0,0, 
org::apache::lucene::search::highlight::SimpleSpanFragmenter ,5,1,1,4,3,0,7,0,40,3,11,7,0,0,3,12,10,0,0,0,0,0, 
org::apache::lucene::ant::FileExtensionDocumentHandler ,5,1,0,5,0,0,0,0,19,1,10,0,0,0,1,7,3,0,0,0,0,0, 
org::apache::lucene::analysis::Token ,128,1,122,6,465,0,11,0,240,31,18,3,4,7,27,72,66,0,0,0,0,0, 
org::apache::lucene::search::FieldDoc ,0,2,0,0,0,0,1,2,4,1,19,0,0,1,1,1,1,0,0,0,0,0, 
org::tartarus::snowball::ext::DanishStemmer ,1,2,0,1,21,0,8,6,345,7,35,8,6,0,1,32,51,0,0,0,0,0, 
org::apache::lucene::search::SortField ,6,1,4,2,21,0,18,0,44,7,18,4,0,1,7,20,13,1,0,0,0,0, 
org::apache::lucene::document::AbstractField ,16,2,13,3,231,3,16,0,182,22,41,0,0,0,20,57,60,0,0,0,0,0, 
org::apache::lucene::benchmark::byTask::utils::Config ,23,1,14,9,66,0,6,0,182,12,9,6,4,0,8,120,37,0,0,0,0,0, 
org::apache::lucene::benchmark::quality::utils::DocNameExtractor ,5,1,2,3,1,0,2,0,13,2,9,2,0,0,2,5,3,0,0,0,0,0, 
org::apache::lucene::analysis::cjk::CJKAnalyzer ,2,2,0,2,1,0,2,0,6,2,15,1,0,0,2,5,2,0,0,0,0,0, 
org::apache::lucene::search::HitIterator ,4,1,2,3,10,0,2,0,20,5,9,2,0,0,4,11,6,0,0,0,0,0, 
org::apache::lucene::misc::HighFreqTerms ,8,1,0,8,1,0,1,0,40,2,9,0,1,0,1,26,9,0,0,0,0,0, 
org::apache::lucene::index::FormatPostingsDocsConsumer ,2,1,2,0,1,1,0,0,0,2,9,0,0,0,0,2,0,0,0,0,0,0, 
org::apache::lucene::search::IndexSearcher ,65,3,57,8,36,2,2,0,61,9,37,1,1,1,8,30,18,0,0,0,0,0, 
org::apache::lucene::store::db::DbIndexOutput ,4,2,1,3,28,0,8,0,86,8,24,0,0,0,7,34,16,0,0,0,0,0, 
org::apache::lucene::search::highlight::TokenGroup ,6,1,5,1,45,0,9,0,54,10,9,1,0,8,7,24,13,0,0,0,0,0, 
org::apache::lucene::index::MergeDocIDRemapper ,4,1,2,2,1,0,6,0,76,2,9,0,0,6,2,8,15,1,0,0,0,0, 
org::apache::lucene::benchmark::byTask::tasks::RepSelectByPrefTask ,8,4,0,8,3,0,0,13,39,3,51,0,0,0,2,33,10,0,0,0,0,0, 
org::apache::lucene::analysis::PorterStemFilter ,3,3,0,3,1,0,1,1,14,2,16,1,0,0,2,10,4,0,0,0,0,0, 
org::apache::lucene::search::PhraseScorer ,8,3,1,7,78,2,9,0,107,13,17,4,3,0,6,44,33,0,0,0,0,0, 
org::apache::lucene::analysis::WordlistLoader ,6,1,2,4,1,0,0,0,44,2,9,0,0,0,2,18,10,0,0,0,0,0, 
org::apache::lucene::analysis::CharTokenizer ,3,3,1,2,10,3,6,1,55,5,16,6,0,0,3,15,13,1,0,0,0,0, 
org::apache::lucene::benchmark::byTask::tasks::ResetSystemEraseTask ,2,4,0,2,1,0,0,2,7,2,44,0,0,0,2,4,2,0,0,0,0,0, 
org::apache::lucene::queryParser::surround::query::ComposedQuery ,9,2,5,4,105,4,3,1,73,15,30,3,0,0,9,64,24,0,0,0,0,0, 
org::apache::lucene::xmlparser::builders::SpanBuilderBase ,1,2,0,1,0,6,0,0,3,1,11,0,0,0,1,2,1,0,0,0,0,0, 
org::apache::lucene::store::Directory ,74,1,69,5,153,7,2,0,64,18,9,0,0,1,17,35,18,1,0,0,0,0, 
org::apache::lucene::xmlparser::builders::DuplicateFilterBuilder ,4,1,1,3,1,0,0,0,34,2,10,0,0,0,2,15,5,0,0,0,0,0, 
org::apache::lucene::xmlparser::builders::BooleanQueryBuilder ,11,1,2,9,3,0,1,0,56,3,10,1,0,0,2,25,10,0,0,0,0,0, 
org::apache::lucene::index::DocInverterPerField ,14,2,1,13,3,0,6,0,130,3,11,2,0,4,2,35,18,3,0,0,0,0, 
org::apache::lucene::analysis::el::GreekLowerCaseFilter ,4,3,1,3,1,0,1,1,19,2,16,0,0,1,2,6,4,0,0,0,0,0, 
org::apache::lucene::index::ReadOnlySegmentReader ,3,4,1,2,3,0,0,15,9,3,80,0,0,0,1,6,4,0,0,0,0,0, 
org::apache::lucene::search::spans::SpanNotQuery ,11,3,4,7,66,0,2,0,144,12,44,2,0,0,12,34,21,0,0,0,0,0, 
org::apache::lucene::benchmark::byTask::tasks::RepSumByNameTask ,7,3,1,6,3,0,0,12,39,3,46,0,0,0,2,27,6,0,0,0,0,0, 
org::apache::lucene::index::InvertedDocEndConsumer ,2,1,2,0,10,1,0,0,0,5,9,0,0,0,0,5,0,0,0,0,0,0, 
org::apache::lucene::search::highlight::SpanGradientFormatter ,4,2,0,4,1,0,2,14,35,2,15,2,0,0,2,12,6,0,0,0,0,0, 
org::apache::lucene::xmlparser::CoreParser ,23,1,3,20,15,1,5,0,87,6,10,0,1,1,4,41,7,0,0,0,0,0, 
org::apache::lucene::analysis::compound::hyphenation::HyphenationException ,1,1,1,0,0,0,0,0,3,1,27,0,0,0,1,1,1,0,0,0,0,0, 
org::apache::lucene::xmlparser::builders::FilteredQueryBuilder ,6,1,1,5,1,0,2,0,18,2,10,2,0,0,2,9,2,0,0,0,0,0, 
org::apache::lucene::benchmark::stats::MemUsage ,2,1,1,1,3,0,6,0,13,3,9,0,0,6,3,8,2,0,0,0,0,0, 
org::apache::lucene::index::ParallelReader ,10,2,3,7,325,0,9,2,267,26,58,8,0,1,20,156,67,0,0,0,0,0, 
org::apache::lucene::store::ChecksumIndexInput ,3,2,0,3,28,0,2,0,28,8,33,0,0,2,8,18,8,0,0,0,0,0, 
org::apache::lucene::analysis::compound::DictionaryCompoundWordTokenFilter ,2,4,0,2,1,0,0,10,36,2,24,0,0,0,1,14,12,0,0,0,0,0, 
org::apache::lucene::store::SingleInstanceLockFactory ,3,2,2,1,3,0,1,1,13,3,13,1,0,0,3,6,3,0,0,0,0,0, 
org::apache::lucene::analysis::ar::ArabicNormalizationFilter ,5,3,2,3,1,0,1,1,15,2,16,0,0,0,1,8,4,0,0,0,0,0, 
org::apache::lucene::analysis::StopAnalyzer ,6,2,1,5,3,0,2,0,17,3,15,1,0,0,3,12,4,0,0,0,0,0, 
org::apache::lucene::analysis::PerFieldAnalyzerWrapper ,3,2,2,1,15,0,2,0,30,6,15,2,0,0,6,13,9,0,0,0,0,0, 
org::apache::lucene::index::IndexReader ,153,1,138,16,1225,6,5,0,214,50,9,3,1,0,39,124,48,3,0,0,0,0, 
org::apache::lucene::wordnet::SynLookup ,9,1,0,9,1,0,0,0,78,2,9,0,0,0,2,43,13,0,0,0,0,0, 
org::apache::lucene::queryParser::surround::parser::QueryParserTokenManager ,4,1,1,3,190,0,19,26,604,20,9,2,14,7,5,103,217,0,0,0,0,0, 
org::apache::lucene::analysis::ngram::EdgeNGramTokenFilter ,3,3,1,2,3,0,7,1,45,3,16,4,1,0,2,17,10,1,0,0,0,0, 
org::apache::lucene::search::ExtendedFieldCacheImpl ,3,2,1,2,6,0,5,13,9,4,35,2,0,3,3,9,3,0,0,0,0,0, 
org::apache::lucene::benchmark::byTask::tasks::NewRoundTask ,3,2,0,3,3,0,0,2,10,3,39,0,0,0,2,6,3,0,0,0,0,0, 
org::apache::lucene::benchmark::byTask::stats::Points ,11,1,10,1,15,0,3,0,23,6,9,3,1,0,5,12,6,0,0,0,0,0, 
org::apache::lucene::analysis::miscellaneous::PrefixAwareTokenFilter ,5,2,2,3,36,2,4,0,63,9,13,4,0,0,9,24,15,0,0,0,0,0, 
org::apache::lucene::queryParser::Token ,0,1,0,0,6,0,8,0,13,4,9,0,0,8,4,5,4,0,0,0,0,0, 
org::apache::lucene::store::Lock ,13,1,10,3,3,9,3,0,29,3,9,0,0,1,3,12,8,1,0,0,0,0, 
org::apache::lucene::index::FreqProxTermsWriter ,14,2,0,14,45,0,3,1,229,10,16,2,1,1,2,53,43,0,0,0,0,0, 
org::apache::lucene::analysis::compound::hyphenation::Hyphen ,2,1,0,2,1,0,3,0,19,2,18,0,0,3,1,7,6,0,0,0,0,0, 
org::apache::lucene::index::InvertedDocConsumerPerThread ,2,1,2,0,6,1,0,0,0,4,9,0,0,0,0,4,0,0,0,0,0,0, 
org::apache::lucene::analysis::Analyzer ,50,1,50,0,15,33,1,0,12,6,9,1,0,0,4,9,4,1,0,0,0,0, 
org::apache::lucene::xmlparser::builders::LikeThisQueryBuilder ,12,1,1,11,1,0,5,0,58,2,10,1,0,4,2,29,10,0,0,0,0,0, 
org::apache::lucene::xmlparser::builders::RangeFilterBuilder ,3,1,1,2,1,0,0,0,10,2,10,0,0,0,2,6,1,0,0,0,0,0, 
org::tartarus::snowball::ext::LovinsStemmer ,1,2,0,1,561,0,4,6,1501,34,35,4,33,0,1,137,262,0,0,0,0,0, 
org::apache::lucene::util::UnicodeUtil ,8,1,6,2,1,0,9,0,115,2,9,4,0,0,2,7,20,0,0,0,0,0, 
org::apache::lucene::document::NumberTools ,6,1,1,5,1,0,6,0,51,2,9,3,0,0,2,19,10,0,0,0,0,0, 
org::apache::lucene::search::ExactPhraseScorer ,5,4,2,3,1,0,0,5,28,2,27,0,0,0,0,9,7,0,0,0,0,0, 
org::apache::lucene::store::FSDirectory ,1,2,1,0,1,3,4,2,6,2,27,3,0,0,2,2,2,5,0,0,0,0, 
org::apache::lucene::ant::TextDocument ,6,1,2,4,3,0,1,0,31,3,9,1,0,0,3,19,4,0,0,0,0,0, 
org::apache::lucene::xmlparser::builders::SpanNotBuilder ,5,3,1,4,1,0,1,0,19,2,12,0,0,1,2,8,2,0,0,0,0,0, 
org::apache::lucene::store::instantiated::InstantiatedIndexReader ,16,2,5,14,276,0,4,2,174,24,58,4,0,0,19,123,64,1,0,0,0,0, 
org::tartarus::snowball::ext::PortugueseStemmer ,1,2,0,1,66,0,13,6,866,12,35,13,11,0,1,92,155,0,0,0,0,0, 
org::apache::lucene::util::CloseableThreadLocal ,5,1,4,1,6,1,2,0,43,4,9,2,0,0,3,18,8,0,0,0,0,0, 
org::apache::lucene::index::FormatPostingsTermsWriter ,4,2,1,3,10,0,8,1,30,5,11,0,0,8,0,11,6,0,0,0,0,0, 
org::apache::lucene::index::MergeScheduler ,1,1,1,0,1,3,0,0,0,2,9,0,0,0,0,2,0,0,0,0,0,0, 
org::apache::lucene::index::TermInfo ,2,1,2,0,1,0,4,0,12,2,9,0,0,4,0,2,2,0,0,0,0,0, 
org::apache::lucene::search::ComplexExplanation ,12,2,10,2,10,0,1,0,20,5,29,1,0,0,4,14,8,0,0,0,0,0, 
org::apache::lucene::search::DocIdSetIterator ,26,1,26,0,6,4,0,0,0,4,9,0,0,0,4,4,0,0,0,0,0,0, 
org::apache::lucene::store::db::DbDirectory ,9,2,1,8,91,0,5,2,102,14,27,0,0,0,14,63,21,0,0,0,0,0, 
org::apache::lucene::search::CheckHits ,20,1,12,10,45,0,1,0,214,10,9,0,0,1,10,105,46,0,0,0,0,0, 
org::apache::lucene::index::Term ,74,1,72,2,45,0,2,0,37,10,18,0,1,2,7,18,16,0,0,0,0,0, 
org::apache::lucene::demo::SearchFiles ,12,1,0,12,6,0,0,0,206,4,9,0,1,0,3,78,47,0,0,0,0,0, 
org::apache::lucene::demo::html::ParseException ,4,1,1,3,3,0,5,0,87,3,27,0,0,3,2,28,24,0,0,0,0,0, 
org::apache::lucene::queryParser::surround::query::NotQuery ,3,3,1,2,1,0,0,1,12,2,45,0,0,0,2,9,2,0,0,0,0,0, 
org::tartarus::snowball::Among ,2,1,0,2,0,0,6,0,18,1,9,0,0,6,1,5,2,0,0,0,0,0, 
org::apache::lucene::search::NonMatchingScorer ,2,3,1,1,15,0,0,0,10,6,17,0,0,0,6,10,6,0,0,0,0,0, 
org::apache::lucene::index::TermVectorsTermsWriterPerThread ,3,2,2,2,21,0,7,0,42,7,13,0,0,7,5,12,10,0,0,0,0,0, 
org::apache::lucene::search::Explanation ,29,1,28,1,55,1,3,0,63,11,18,3,0,0,9,32,18,0,0,0,0,0, 
org::apache::lucene::index::TermVectorsWriter ,13,1,1,12,6,0,5,0,163,4,9,4,0,1,2,43,27,0,0,0,0,0, 
org::apache::lucene::search::spans::NearSpansOrdered ,6,2,1,6,91,0,12,0,166,14,16,12,5,0,9,63,50,1,0,0,0,0, 
org::apache::lucene::util::BitVector ,8,1,5,3,78,0,4,0,128,13,9,4,5,0,8,52,31,0,0,0,0,0, 
org::apache::lucene::search::regex::RegexTermEnum ,6,3,1,5,10,0,4,0,34,5,24,4,0,0,4,18,8,0,0,0,0,0, 
org::apache::lucene::search::BoostingQuery ,2,2,1,1,3,0,3,0,39,3,39,3,0,0,3,8,5,0,0,0,0,0, 
org::apache::lucene::analysis::ngram::NGramTokenizer ,2,3,1,1,1,0,9,1,27,2,16,7,0,0,2,7,6,0,0,0,0,0, 
org::apache::lucene::queryParser::ParseException ,8,1,5,3,3,0,5,0,90,3,27,0,0,3,2,29,24,0,0,0,0,0, 
org::apache::lucene::benchmark::byTask::feeds::NoMoreDataException ,6,1,6,0,0,0,0,0,0,1,27,0,0,0,1,1,0,0,0,0,0,0, 
org::apache::lucene::demo::html::HTMLParser ,15,1,3,13,496,0,40,39,574,32,9,19,11,21,17,177,179,0,0,0,0,0, 
org::apache::lucene::queryParser::surround::query::BasicQueryFactory ,4,1,1,3,15,0,2,0,18,6,9,2,1,0,5,12,7,0,0,0,0,0, 
org::apache::lucene::analysis::br::BrazilianAnalyzer ,4,2,0,4,3,0,3,0,15,3,15,2,0,0,3,10,3,0,0,0,0,0, 
org::apache::lucene::search::Similarity ,29,1,27,2,78,4,2,0,22,13,18,2,0,0,13,17,7,1,0,0,0,0, 
org::apache::lucene::search::highlight::SimpleFragmenter ,7,1,6,1,10,0,3,0,20,5,11,3,0,0,5,6,6,0,0,0,0,0, 
org::apache::lucene::index::SegmentTermVector ,3,1,1,2,28,1,3,0,50,8,15,3,0,0,7,18,15,0,0,0,0,0, 
org::apache::lucene::benchmark::Constants ,0,1,0,0,0,0,5,0,0,0,9,0,0,1,0,0,0,0,0,0,0,0, 
org::apache::lucene::benchmark::byTask::tasks::WarmTask ,0,3,0,0,15,0,0,2,18,6,55,0,0,0,6,6,6,0,0,0,0,0, 
org::apache::lucene::index::DefaultSkipListReader ,3,2,1,2,28,0,7,0,58,8,17,7,0,0,0,17,10,0,0,0,0,0, 
org::apache::lucene::analysis::el::GreekAnalyzer ,3,2,0,3,3,0,27,0,25,3,15,27,1,0,2,11,5,0,0,0,0,0, 
org::apache::lucene::xmlparser::builders::SpanOrBuilder ,5,3,1,4,1,0,1,0,19,2,12,0,0,1,2,13,4,0,0,0,0,0, 
org::apache::lucene::search::function::CustomScoreQuery ,9,2,1,8,78,2,3,0,88,13,39,3,0,0,12,44,28,0,0,0,0,0, 
org::apache::lucene::index::SortedTermVectorMapper ,4,2,2,2,6,0,5,0,59,4,15,4,0,0,4,19,21,0,0,0,0,0, 
org::apache::lucene::analysis::sinks::TokenTypeSinkTokenizer ,3,4,0,3,1,0,1,3,10,2,22,1,0,0,2,5,4,0,0,0,0,0, 
org::apache::lucene::search::spans::SpanWeight ,10,2,1,10,21,1,7,0,97,7,24,0,0,0,7,50,12,0,0,0,0,0, 
org::apache::lucene::search::FuzzyTermEnum ,6,3,2,4,66,0,11,0,135,12,24,11,7,0,4,51,36,0,0,0,0,0, 
org::apache::lucene::search::function::ShortFieldSource ,4,3,0,4,10,0,1,0,43,5,31,1,0,0,5,13,8,0,0,0,0,0, 
org::apache::lucene::search::payloads::BoostingTermQuery ,4,4,1,3,3,0,0,1,13,3,54,0,0,0,2,6,5,0,0,0,0,0, 
org::apache::lucene::search::highlight::TokenSources ,2,1,0,2,1,0,0,0,21,2,9,0,0,0,2,7,5,0,0,0,0,0, 
org::apache::lucene::demo::html::ParserThread ,6,1,1,6,1,0,1,2,23,2,31,0,0,1,1,11,2,0,0,0,0,0, 
org::tartarus::snowball::ext::EnglishStemmer ,1,2,0,1,136,0,17,6,1131,17,35,17,16,0,1,127,206,0,0,0,0,0, 
org::apache::lucene::index::TermVectorEntry ,6,1,5,1,66,0,5,0,51,12,9,4,0,1,9,16,18,0,0,0,0,0, 
org::apache::lucene::LucenePackage ,1,1,0,1,1,0,0,0,4,2,9,0,1,0,1,3,2,0,0,0,0,0, 
org::apache::lucene::index::FieldSortedTermVectorMapper ,4,2,3,1,10,0,4,0,19,5,15,4,0,0,5,9,5,0,0,0,0,0, 
org::apache::lucene::store::BufferedIndexInput ,7,2,5,2,78,4,6,0,131,13,33,4,2,0,8,36,30,0,0,0,0,0, 
org::apache::lucene::index::FieldInfos ,18,1,14,4,78,0,9,0,107,13,9,2,2,0,9,52,32,1,0,0,0,0, 
org::apache::lucene::index::TermInfosReader ,8,1,1,7,105,0,13,0,154,15,9,13,5,0,5,55,39,1,0,0,0,0, 
org::apache::lucene::swing::models::RestaurantInfo ,3,1,3,0,153,0,8,0,51,18,9,8,0,0,18,20,17,0,0,0,0,0, 
org::apache::lucene::benchmark::byTask::tasks::TaskSequence ,11,2,4,7,253,0,14,2,240,23,39,13,8,1,14,89,72,0,0,0,0,0, 
org::apache::lucene::index::FreqProxTermsWriterPerThread ,2,2,1,1,10,0,2,0,13,5,13,0,0,2,3,6,5,0,0,0,0,0, 
org::apache::lucene::index::DocInverter ,4,2,0,4,21,0,2,1,53,7,15,0,0,2,4,33,9,0,0,0,0,0, 
org::apache::lucene::util::SortedVIntList ,4,2,2,3,15,0,7,0,62,6,11,6,2,0,4,13,10,0,0,0,0,0, 
org::apache::lucene::analysis::cn::ChineseAnalyzer ,2,2,0,2,1,0,0,0,7,2,15,0,0,0,2,4,2,0,0,0,0,0, 
org::apache::lucene::store::je::JEDirectory ,8,2,1,7,91,0,5,2,102,14,27,0,0,0,14,64,21,0,0,0,0,0, 
org::apache::lucene::search::highlight::GradientFormatter ,5,1,1,4,21,1,16,0,132,7,10,2,2,12,3,46,23,0,0,0,0,0, 
org::apache::lucene::wordnet::Syns2Index ,8,1,0,8,6,0,5,0,154,4,9,3,3,0,1,62,18,0,0,0,0,0, 
org::apache::lucene::index::MergePolicy ,1,1,1,0,15,1,0,0,3,6,9,0,0,0,0,7,1,0,0,0,0,0, 
org::apache::lucene::search::QueryUtils ,26,1,13,14,28,0,0,0,167,8,9,0,2,0,6,56,25,0,0,0,0,0, 
org::apache::lucene::index::memory::SynonymTokenFilter ,3,3,0,3,6,0,7,1,56,4,16,6,1,0,2,17,14,0,0,0,0,0, 
org::apache::lucene::search::DisjunctionSumScorer ,5,3,1,4,36,0,8,0,98,9,17,6,1,0,7,41,31,0,0,0,0,0, 
org::apache::lucene::store::NativeFSLockFactory ,8,2,2,6,10,0,1,1,53,5,13,1,1,0,3,28,14,0,0,0,0,0, 
org::apache::lucene::queryParser::surround::query::SpanNearClauseFactory ,8,1,2,6,55,0,4,0,50,11,9,4,0,0,10,39,16,0,0,0,0,0, 
org::apache::lucene::search::spell::PlainTextDictionary ,2,1,1,1,1,0,3,0,6,2,10,3,0,0,2,4,2,0,0,0,0,0, 
org::apache::lucene::store::BufferedIndexOutput ,1,2,0,1,28,0,4,0,58,8,24,3,0,0,7,18,14,0,0,0,0,0, 
org::apache::lucene::document::MapFieldSelector ,2,2,2,0,1,0,1,0,9,2,19,0,0,1,2,5,4,0,0,0,0,0, 
org::apache::lucene::search::MockFilter ,3,2,1,2,6,0,1,0,10,4,21,1,0,0,4,6,3,0,0,0,0,0, 
org::apache::lucene::store::instantiated::InstantiatedIndex ,20,1,5,17,136,0,8,0,226,17,18,8,0,0,10,128,43,0,0,0,0,0, 
org::apache::lucene::index::FieldReaderException ,0,1,0,0,0,0,0,0,3,1,28,0,0,0,1,1,1,0,0,0,0,0, 
org::apache::lucene::store::LockFactory ,6,1,6,0,6,6,1,0,6,4,9,0,0,0,4,4,2,0,0,0,0,0, 
org::apache::lucene::benchmark::quality::trec::QueryDriver ,8,1,0,8,0,0,0,0,35,1,9,0,0,0,1,18,1,0,0,0,0,0, 
org::apache::lucene::index::TermsHashConsumerPerField ,1,1,1,0,15,2,0,0,0,6,9,0,0,0,0,6,0,0,0,0,0,0, 
org::apache::lucene::xmlparser::builders::TermsQueryBuilder ,11,1,1,10,1,0,1,0,37,2,10,0,0,1,2,22,4,0,0,0,0,0, 
org::apache::lucene::search::spans::TermSpans ,5,2,2,3,45,0,6,0,64,10,16,0,0,0,10,23,16,0,0,0,0,0, 
org::apache::lucene::demo::html::TokenMgrError ,5,1,2,3,6,0,5,0,57,4,27,0,0,1,2,26,17,0,0,0,0,0, 
org::apache::lucene::search::TopDocs ,6,1,6,0,3,1,3,0,11,3,18,1,0,2,3,3,3,0,0,0,0,0, 
org::apache::lucene::benchmark::quality::trec::TrecJudge ,7,1,2,5,6,0,1,0,77,4,12,0,0,1,4,45,21,0,0,0,0,0, 
org::apache::lucene::demo::html::SimpleCharStream ,6,1,1,5,190,0,16,0,256,20,9,0,0,4,15,38,47,0,0,0,0,0, 
org::apache::lucene::index::TermsHashConsumerPerThread ,2,1,2,0,6,2,0,0,0,4,9,0,0,0,2,4,0,0,0,0,0,0, 
org::apache::lucene::index::FormatPostingsPositionsConsumer ,2,1,2,0,1,1,0,0,0,2,9,0,0,0,0,2,0,0,0,0,0,0, 
org::apache::lucene::queryParser::surround::parser::QueryParser ,20,1,2,18,903,0,31,26,583,43,9,17,9,14,22,221,174,0,0,0,0,0, 
org::apache::lucene::store::instantiated::InstantiatedTermPositions ,4,2,1,3,21,0,1,2,35,7,35,1,0,0,7,15,9,0,0,0,0,0, 
org::apache::lucene::analysis::el::GreekCharsets ,2,1,1,1,0,0,3,0,225,1,9,0,0,3,1,2,79,0,0,0,0,0, 
org::apache::lucene::benchmark::stats::QueryData ,4,1,2,2,6,0,5,0,26,4,9,0,0,5,4,10,10,0,0,0,0,0, 
org::apache::lucene::benchmark::byTask::feeds::FileBasedQueryMaker ,8,2,0,8,0,0,0,3,49,1,23,0,0,0,0,24,9,0,0,0,0,0, 
org::tartarus::snowball::ext::FinnishStemmer ,1,2,0,1,78,0,18,6,877,13,35,18,12,0,1,85,140,0,0,0,0,0, 
org::apache::lucene::search::highlight::SpanScorer ,7,1,3,4,45,0,7,0,77,10,12,7,1,0,9,29,19,0,0,0,0,0, 
org::apache::lucene::search::regex::RegexQuery ,6,3,2,4,15,0,1,2,27,6,51,1,0,0,5,17,10,0,0,0,0,0, 
org::apache::lucene::document::Field ,14,3,11,3,15,0,0,16,49,6,104,0,0,0,6,13,17,1,0,0,0,0, 
org::tartarus::snowball::ext::TurkishStemmer ,1,2,0,1,861,0,34,6,2864,42,35,34,41,0,1,312,479,0,0,0,0,0, 
org::apache::lucene::analysis::WhitespaceTokenizer ,19,4,18,1,1,0,0,1,6,2,21,0,0,0,1,3,2,0,0,0,0,0, 
org::apache::lucene::demo::DeleteFiles ,4,1,0,4,1,0,0,0,32,2,9,0,1,0,1,14,3,0,0,0,0,0, 
org::apache::lucene::xmlparser::builders::FuzzyLikeThisQueryBuilder ,6,1,1,5,1,0,5,0,22,2,10,1,0,4,2,16,3,0,0,0,0,0, 
org::apache::lucene::index::InvertedDocConsumerPerField ,1,1,1,0,6,1,0,0,0,4,9,0,0,0,0,4,0,0,0,0,0,0, 
org::apache::lucene::index::SegmentMergeInfo ,6,1,3,3,10,0,6,0,44,5,9,2,0,4,0,14,12,0,0,0,0,0, 
org::apache::lucene::search::FuzzyLikeThisQuery ,18,2,2,16,15,0,7,0,141,6,39,0,1,7,5,68,24,0,0,0,0,0, 
org::apache::lucene::index::FieldInvertState ,4,1,4,0,21,0,5,0,29,7,9,0,0,5,6,7,7,0,0,0,0,0, 
org::apache::lucene::index::DocFieldConsumersPerThread ,3,2,1,3,10,0,4,0,37,5,13,0,0,4,5,12,7,0,0,0,0,0, 
org::apache::lucene::store::GCJIndexInput ,2,2,1,1,55,0,6,0,14,11,33,4,2,2,9,14,5,0,0,0,0,0, 
org::apache::lucene::store::MMapDirectory ,0,3,0,0,1,0,1,3,5,2,29,1,0,0,1,3,2,1,0,0,0,0, 
org::apache::lucene::store::instantiated::InstantiatedTermEnum ,3,2,1,3,15,0,3,0,51,6,15,3,0,0,6,23,12,1,0,0,0,0, 
org::apache::lucene::wordnet::SynExpand ,9,1,0,9,1,0,0,0,70,2,9,0,0,0,2,38,12,0,0,0,0,0, 
org::apache::lucene::xmlparser::builders::MatchAllDocsQueryBuilder ,2,1,1,1,1,0,0,0,3,2,10,0,0,0,2,3,1,0,0,0,0,0, 
org::apache::lucene::benchmark::quality::utils::QualityQueriesFinder ,9,1,0,9,10,0,2,0,64,5,9,2,4,0,1,33,15,0,0,0,0,0, 
org::apache::lucene::benchmark::byTask::tasks::WriteLineDocTask ,10,2,0,10,21,0,7,2,73,7,39,4,1,1,6,41,17,0,0,0,0,0, 
org::apache::lucene::store::LockObtainFailedException ,3,1,3,0,0,0,0,0,3,1,27,0,0,0,1,1,1,0,0,0,0,0, 
org::apache::lucene::search::WildcardQuery ,10,3,6,4,6,0,1,2,19,4,49,1,0,0,3,12,7,0,0,0,0,0, 
org::apache::lucene::search::TimeLimitedCollector ,5,2,1,4,15,0,8,0,30,6,11,6,0,1,6,12,8,1,0,0,0,0, 
org::apache::lucene::benchmark::byTask::feeds::ReutersQueryMaker ,6,2,0,6,3,0,1,3,48,3,23,1,2,0,0,35,7,0,0,0,0,0, 
org::apache::lucene::xmlparser::builders::TermsFilterBuilder ,8,1,1,7,1,0,1,0,32,2,10,0,0,1,2,15,4,0,0,0,0,0, 
org::apache::lucene::analysis::ar::ArabicNormalizer ,2,1,1,1,3,0,17,0,27,3,9,0,0,0,2,5,18,0,0,0,0,0, 
org::apache::lucene::swing::models::TableSearcher ,16,1,6,11,153,0,7,0,165,18,39,6,5,0,13,84,30,0,0,0,0,0, 
org::apache::lucene::ant::HtmlDocument ,14,1,2,12,21,0,1,0,98,7,9,1,1,0,6,58,16,0,0,0,0,0, 
org::apache::lucene::search::WildcardTermEnum ,5,3,1,4,15,0,8,0,133,6,24,0,0,6,5,31,26,0,0,0,0,0, 
org::apache::lucene::queryParser::surround::parser::FastCharStream ,3,1,1,2,91,0,6,0,75,14,19,0,1,6,13,24,19,0,0,0,0,0, 
org::apache::lucene::search::similar::MoreLikeThis ,18,1,1,17,496,0,22,0,285,32,9,12,4,0,28,105,68,0,0,0,0,0, 
org::apache::lucene::index::StoredFieldsWriterPerField ,6,2,1,5,3,0,3,0,31,3,11,0,0,3,2,10,6,0,0,0,0,0, 
org::apache::lucene::analysis::ru::RussianLowerCaseFilter ,4,3,1,3,1,0,1,1,19,2,16,0,0,1,2,6,4,0,0,0,0,0, 
org::apache::lucene::benchmark::byTask::feeds::SimpleSloppyPhraseQueryMaker ,2,3,0,2,0,0,0,3,46,1,24,0,0,0,0,16,10,0,0,0,0,0, 
org::apache::lucene::index::IndexFileNameFilter ,2,1,1,1,6,0,3,0,46,4,18,2,0,1,4,22,18,0,0,0,0,0, 
org::apache::lucene::analysis::payloads::TypeAsPayloadTokenFilter ,4,3,1,3,1,0,0,1,12,2,16,0,0,0,2,9,5,0,0,0,0,0, 
org::apache::lucene::search::DocIdSet ,8,1,8,0,1,3,0,0,0,2,9,0,0,0,2,2,0,0,0,0,0,0, 
org::apache::lucene::index::CharBlockPool ,4,1,2,2,3,0,7,0,21,3,9,1,0,6,3,6,4,0,0,0,0,0, 
org::apache::lucene::index::IndexModifier ,8,1,3,5,253,1,10,0,189,23,9,0,0,0,19,84,39,0,0,0,0,0, 
org::tartarus::snowball::ext::SpanishStemmer ,1,2,0,1,66,0,14,6,919,12,35,14,11,0,1,104,162,0,0,0,0,0, 
org::apache::lucene::analysis::snowball::SnowballAnalyzer ,4,2,0,4,1,0,2,0,13,2,15,2,0,0,2,8,3,0,0,0,0,0, 
org::apache::lucene::index::IndexFileNames ,9,1,7,2,3,0,26,0,20,3,9,0,0,0,0,6,8,0,0,0,0,0, 
org::apache::lucene::misc::SweetSpotSimilarity ,6,3,1,5,36,0,13,1,94,9,41,13,0,0,9,36,18,0,0,0,0,0, 
org::apache::lucene::store::db::DbLock ,1,2,1,0,6,0,1,3,11,4,12,0,0,1,4,4,4,0,0,0,0,0, 
org::tartarus::snowball::ext::FrenchStemmer ,1,2,0,1,91,0,14,6,1295,14,35,14,13,0,1,150,219,0,0,0,0,0, 
org::apache::lucene::search::ConstantScoreQuery ,11,2,7,4,28,0,1,0,30,8,39,0,0,0,7,16,12,0,0,0,0,0, 
org::apache::lucene::store::LockReleaseFailedException ,2,1,2,0,0,0,0,0,3,1,27,0,0,0,1,1,1,0,0,0,0,0, 
org::apache::lucene::analysis::de::GermanStemmer ,4,1,1,3,28,0,2,0,171,8,9,2,6,0,1,123,58,0,0,0,0,0, 
org::apache::lucene::index::MultiReader ,9,2,2,7,378,0,8,2,215,28,58,7,3,0,19,84,57,1,0,0,0,0, 
org::apache::lucene::queryParser::surround::query::DistanceQuery ,8,3,1,7,21,0,2,1,68,7,47,2,0,0,7,36,13,0,0,0,0,0, 
org::apache::lucene::search::ConstantScoreRangeQuery ,3,4,2,1,3,0,0,2,10,3,63,0,0,0,3,5,3,0,0,0,0,0, 
org::apache::lucene::analysis::TeeTokenFilter ,6,3,4,2,1,0,1,1,10,2,16,0,0,1,2,4,2,0,0,0,0,0, 
org::apache::lucene::util::cache::Cache ,2,1,2,0,15,2,0,0,6,6,9,0,0,0,5,8,2,0,0,0,0,0, 
org::apache::lucene::search::TermsFilter ,6,2,3,3,15,0,1,0,63,6,21,0,0,1,6,36,15,0,0,0,0,0, 
org::apache::lucene::store::IndexInput ,46,1,45,1,120,12,3,0,89,16,18,3,1,0,15,37,24,0,0,0,0,0, 
org::apache::lucene::index::MockIndexInput ,2,3,1,1,10,0,3,2,28,5,44,3,0,0,3,6,7,0,0,0,0,0, 
org::apache::lucene::search::Collector ,2,2,1,1,1,0,2,0,25,2,11,2,0,0,2,3,4,0,0,0,0,0, 
org::apache::lucene::queryParser::precedence::PrecedenceQueryParser ,24,1,1,23,1081,1,37,36,822,47,9,24,10,11,30,284,244,0,0,0,0,0, 
org::apache::lucene::index::TermEnum ,42,1,41,1,15,6,0,0,7,6,9,0,0,0,6,9,3,0,0,0,0,0, 
org::apache::lucene::store::MockRAMInputStream ,4,3,1,3,3,0,3,1,44,3,49,3,0,0,3,11,6,0,0,0,0,0, 
org::apache::lucene::wikipedia::analysis::WikipediaTokenizerImpl ,6,1,1,5,231,0,64,0,422,22,9,34,7,0,12,77,139,0,0,0,0,0, 
org::apache::lucene::util::OpenBitSetIterator ,2,2,2,0,10,0,8,0,73,5,13,7,1,0,4,7,16,0,0,0,0,0, 
org::apache::lucene::search::DefaultSimilarity ,8,2,6,2,45,3,1,0,32,10,31,0,0,0,10,19,10,0,0,0,0,0, 
org::apache::lucene::index::InvertedDocConsumer ,2,1,2,0,15,1,1,0,3,6,9,0,0,1,0,6,1,0,0,0,0,0, 
org::apache::lucene::analysis::ngram::NGramTokenFilter ,3,3,1,2,3,0,5,1,32,3,16,3,1,0,2,13,8,1,0,0,0,0, 
org::apache::lucene::search::MultiSearcher ,13,3,8,5,78,1,3,0,111,13,37,3,0,0,11,38,25,1,0,0,0,0, 
org::apache::lucene::queryParser::surround::query::SrndQuery ,11,1,8,3,66,3,3,0,30,12,18,2,0,0,11,25,12,0,0,0,0,0, 
org::apache::lucene::analysis::compound::hyphenation::HyphenationTree ,9,2,1,8,78,0,5,9,270,13,54,2,0,0,8,67,61,0,0,0,0,0, 
org::apache::lucene::index::StoredFieldsWriterPerThread ,3,2,1,2,10,0,4,0,32,5,13,0,0,4,5,9,7,0,0,0,0,0, 
org::apache::lucene::search::function::ByteFieldSource ,4,3,0,4,10,0,1,0,43,5,31,1,0,0,5,13,8,0,0,0,0,0, 
org::apache::lucene::queryParser::surround::query::OrQuery ,6,3,2,4,6,0,0,1,29,4,47,0,0,0,4,15,8,0,0,0,0,0, 
org::apache::lucene::search::SpanFilterResult ,3,1,3,0,6,0,3,0,13,4,9,3,0,0,4,4,4,0,0,0,0,0, 
org::apache::lucene::analysis::ar::ArabicStemFilter ,5,3,2,3,1,0,1,1,20,2,16,0,0,0,1,8,4,0,0,0,0,0, 
org::apache::lucene::index::LogByteSizeMergePolicy ,2,3,1,1,15,0,2,6,20,6,30,0,0,0,5,7,6,0,0,0,0,0, 
org::apache::lucene::util::ArrayUtil ,10,1,9,1,10,0,0,0,38,5,9,0,0,0,5,9,9,0,0,0,0,0, 
org::apache::lucene::queryParser::surround::query::SrndPrefixQuery ,7,3,1,6,21,0,2,1,35,7,44,2,0,0,6,25,12,0,0,0,0,0, 
org::apache::lucene::index::LogMergePolicy ,6,2,1,6,136,2,10,0,258,17,15,4,2,3,14,79,58,0,0,0,0,0, 
org::apache::lucene::queryParser::analyzing::AnalyzingQueryParser ,9,2,1,8,10,0,0,56,209,5,68,0,0,0,1,95,33,0,0,0,0,0, 
org::apache::lucene::search::spans::SpanFirstQuery ,13,3,7,6,66,0,2,0,98,12,44,2,0,0,12,31,18,0,0,0,0,0, 
org::apache::lucene::index::GCJSegmentReader ,1,4,0,1,0,0,0,15,7,1,80,0,0,0,1,3,2,0,0,0,0,0, 
org::apache::lucene::benchmark::byTask::tasks::AddDocTask ,8,2,1,7,21,0,5,2,40,7,39,3,1,1,6,31,11,0,0,0,0,0, 
org::apache::lucene::index::TermVectorsReader ,13,1,3,10,105,0,15,0,313,15,18,8,6,0,1,73,58,0,0,0,0,0, 
org::apache::lucene::benchmark::byTask::tasks::ReportTask ,14,2,6,8,21,4,10,2,71,7,39,0,0,0,1,57,18,0,0,0,0,0, 
org::apache::lucene::search::RemoteSearchable ,7,2,3,4,45,0,1,0,50,10,44,1,0,0,10,25,14,0,0,0,0,0, 
org::apache::lucene::swing::models::BaseListModel ,5,1,4,1,10,0,1,0,19,5,32,1,0,0,5,16,6,0,0,0,0,0, 
org::apache::lucene::index::ConcurrentMergeScheduler ,15,2,11,5,190,1,11,0,182,20,11,6,4,1,11,75,39,2,0,0,0,0, 
org::apache::lucene::document::SetBasedFieldSelector ,5,2,5,0,1,0,2,0,14,2,19,2,0,0,2,4,4,0,0,0,0,0, 
org::apache::lucene::analysis::de::GermanStemFilter ,6,3,2,4,6,0,2,1,29,4,16,2,0,0,4,10,10,0,0,0,0,0, 
org::apache::lucene::xmlparser::builders::ConstantScoreQueryBuilder ,5,1,1,4,1,0,1,0,12,2,10,1,0,0,2,7,2,0,0,0,0,0, 
org::apache::lucene::index::SegmentMerger ,27,1,3,25,136,0,18,0,507,17,9,16,8,1,0,175,104,1,0,0,0,0, 
org::apache::lucene::benchmark::utils::ExtractReuters ,9,1,0,9,10,0,6,0,115,5,9,5,1,1,3,45,17,0,0,0,0,0, 
org::apache::lucene::util::PriorityQueue ,33,1,33,0,66,15,3,0,90,12,9,2,2,0,8,23,25,0,0,0,0,0, 
org::apache::lucene::benchmark::byTask::tasks::ResetInputsTask ,2,2,0,2,3,1,0,2,10,3,39,0,0,0,2,5,3,0,0,0,0,0, 
org::apache::lucene::index::TermVectorEntryFreqSortedComparator ,5,1,3,2,1,0,0,0,15,2,9,0,0,0,2,7,3,0,0,0,0,0, 
org::apache::lucene::index::LogDocMergePolicy ,6,3,6,0,6,1,1,6,17,4,30,0,0,0,3,4,4,0,0,0,0,0, 
org::apache::lucene::benchmark::quality::QualityBenchmark ,9,1,2,7,21,0,6,0,60,7,9,2,1,0,6,25,13,0,0,0,0,0, 
org::apache::lucene::search::function::ValueSource ,4,1,4,0,10,3,0,0,3,5,18,0,0,0,5,6,1,0,0,0,0,0, 
org::apache::lucene::store::VerifyingLockFactory ,3,2,1,2,3,0,4,1,12,3,13,0,0,4,3,6,3,0,0,0,0,0, 
org::apache::lucene::index::TermsHashPerThread ,11,2,5,8,28,0,10,0,75,8,13,0,1,10,4,28,17,0,0,0,0,0, 
org::apache::lucene::index::ReusableStringReader ,2,1,1,1,3,0,3,0,22,3,29,0,0,3,2,7,5,0,0,0,0,0, 
org::tartarus::snowball::ext::NorwegianStemmer ,1,2,0,1,15,0,7,6,281,6,35,7,5,0,1,24,44,0,0,0,0,0, 
org::apache::lucene::search::TopFieldDocCollector ,3,3,0,3,3,0,1,2,29,3,15,1,0,0,3,13,6,0,0,0,0,0, 
org::apache::lucene::analysis::sinks::DateRecognizerSinkTokenizer ,3,4,0,3,1,0,2,3,19,2,22,0,0,0,2,6,4,0,0,0,0,0, 
org::apache::lucene::xmlparser::QueryBuilderFactory ,5,1,3,2,6,0,1,0,14,4,10,0,0,1,4,11,4,0,0,0,0,0, 
org::apache::lucene::benchmark::byTask::feeds::EnwikiDocMaker ,4,3,1,3,6,0,8,14,16,4,39,0,1,1,3,12,4,0,0,0,0,0, 
org::apache::lucene::search::DisjunctionMaxScorer ,3,3,1,2,55,0,4,0,115,11,17,4,4,0,7,64,32,0,0,0,0,0, 
org::apache::lucene::search::BooleanQuery ,36,2,30,8,210,1,5,0,149,21,39,4,0,0,20,94,46,0,0,0,0,0, 
org::apache::lucene::index::DocInverterPerThread ,6,2,1,5,10,0,7,0,26,5,13,0,0,7,4,14,5,0,0,0,0,0, 
org::apache::lucene::index::TermBuffer ,9,1,1,8,36,0,6,0,79,9,18,6,1,0,5,30,16,0,0,0,0,0, 
org::apache::lucene::util::DocIdBitSet ,5,2,4,1,3,0,1,0,9,3,11,1,0,0,3,4,3,0,0,0,0,0, 
org::apache::lucene::analysis::TokenFilter ,5,2,4,1,3,42,1,0,10,3,13,0,0,0,2,5,3,1,0,0,0,0, 
org::apache::lucene::analysis::cjk::CJKTokenizer ,3,3,1,2,1,0,9,1,140,2,16,9,0,0,2,8,26,0,0,0,0,0, 
org::apache::lucene::search::Query ,103,1,99,7,66,16,1,0,84,12,27,1,0,0,11,49,23,0,0,0,0,0, 
org::apache::lucene::analysis::CachingTokenFilter ,7,3,6,1,6,0,2,1,30,4,16,2,1,0,3,14,8,1,0,0,0,0, 
org::apache::lucene::benchmark::byTask::tasks::SearchWithSortTask ,5,3,0,5,45,0,1,2,61,10,55,1,1,0,9,24,16,0,0,0,0,0, 
org::apache::lucene::benchmark::byTask::feeds::TrecDocMaker ,13,2,0,13,36,0,9,11,153,9,33,3,0,0,3,71,27,1,0,0,0,0, 
org::apache::lucene::benchmark::quality::trec::Trec1MQReader ,3,1,0,3,1,0,1,0,33,2,9,1,0,0,2,16,4,0,0,0,0,0, 
org::apache::lucene::demo::HTMLDocument ,7,1,1,6,6,0,1,0,52,4,9,0,1,1,3,25,4,0,0,0,0,0, 
org::apache::lucene::util::Parameter ,1,1,0,1,6,6,2,0,24,4,18,1,1,1,1,12,6,0,0,0,0,0, 
org::apache::lucene::search::RemoteCachingWrapperFilter ,2,2,0,2,3,1,1,0,11,3,21,0,0,0,3,9,3,0,0,0,0,0, 
org::apache::lucene::swing::models::BaseTableModel ,7,1,4,3,45,0,2,0,60,10,39,2,0,0,10,30,18,0,0,0,0,0, 
lucli::LuceneMethods ,21,1,1,20,78,0,8,0,232,13,9,8,5,0,8,147,48,0,0,0,0,0, 
org::tartarus::snowball::SnowballProgram ,25,1,21,4,325,19,6,0,306,26,9,0,0,0,3,76,95,0,0,0,0,0, 
org::apache::lucene::benchmark::byTask::tasks::RepAllTask ,8,3,0,8,3,0,0,12,38,3,46,0,0,0,2,28,9,0,0,0,0,0, 
org::apache::lucene::benchmark::byTask::feeds::DemoHTMLParser ,2,1,0,2,1,0,0,0,5,2,10,0,0,0,2,5,2,0,0,0,0,0, 
org::apache::lucene::xmlparser::builders::SpanNearBuilder ,5,3,1,4,1,0,1,0,19,2,12,0,0,1,2,14,4,0,0,0,0,0, 
org::apache::lucene::index::SegmentTermPositions ,3,2,0,3,105,0,7,9,129,15,37,7,4,0,7,34,31,0,0,0,0,0, 
org::apache::lucene::analysis::ru::RussianStemmer ,4,1,2,2,136,0,40,0,173,17,9,40,14,0,3,68,44,0,0,0,0,0, 
org::apache::lucene::benchmark::byTask::feeds::LineDocMaker ,6,2,2,4,21,1,7,11,38,7,33,4,1,3,4,23,10,0,0,0,0,0, 
org::apache::lucene::index::NormsWriterPerField ,5,2,2,3,10,0,7,0,32,5,11,0,0,7,3,12,8,0,0,0,0,0, 
org::apache::lucene::queryParser::precedence::PrecedenceQueryParserTokenManager ,4,1,1,3,496,0,19,36,947,32,9,2,26,7,5,167,301,0,0,0,0,0, 
org::apache::lucene::analysis::fr::FrenchAnalyzer ,5,2,1,4,3,0,3,0,19,3,15,2,0,0,3,14,5,0,0,0,0,0, 
org::apache::lucene::search::ReqOptSumScorer ,4,3,1,3,15,0,3,0,41,6,17,3,0,0,6,18,12,0,0,0,0,0, 
org::apache::lucene::ant::DocumentHandlerException ,2,1,1,1,3,0,1,0,16,3,27,1,0,0,3,7,4,0,0,0,0,0, 
org::apache::lucene::analysis::shingle::ShingleAnalyzerWrapper ,2,2,0,2,15,0,3,0,23,6,15,0,0,0,6,10,6,0,0,0,0,0, 
org::apache::lucene::queryParser::TokenMgrError ,5,1,2,3,6,0,5,0,57,4,27,0,0,1,2,26,17,0,0,0,0,0, 
org::apache::lucene::xmlparser::builders::SpanFirstBuilder ,5,3,1,4,1,0,1,0,14,2,12,0,0,1,2,8,2,0,0,0,0,0, 
org::apache::lucene::search::MatchAllDocsQuery ,13,2,8,5,15,0,0,0,22,6,39,0,0,0,5,15,7,0,0,0,0,0, 
org::apache::lucene::xmlparser::ParserException ,0,1,0,0,0,0,0,0,3,1,27,0,0,0,1,1,1,0,0,0,0,0, 
org::apache::lucene::benchmark::byTask::utils::Format ,7,1,4,3,6,0,2,0,21,4,9,2,0,0,4,18,5,0,0,0,0,0, 
org::tartarus::snowball::ext::PorterStemmer ,1,2,0,1,78,0,11,6,788,13,35,11,12,0,1,90,141,0,0,0,0,0, 
org::apache::lucene::swing::models::DataStore ,6,1,6,0,1,0,19,0,7,2,9,4,1,15,1,3,2,0,0,0,0,0, 
org::apache::lucene::store::MockRAMDirectory ,18,3,10,9,253,0,11,4,195,23,48,2,2,9,19,97,61,0,0,0,0,0, 
org::apache::lucene::search::HitQueue ,1,2,0,1,1,0,0,1,11,2,19,0,0,0,0,3,3,0,0,0,0,0, 
org::apache::lucene::misc::IndexMergeTool ,3,1,0,3,0,0,0,0,22,1,9,0,0,0,1,11,3,0,0,0,0,0, 
org::apache::lucene::search::Filter ,18,1,17,1,3,16,0,0,6,3,18,0,0,0,3,5,2,0,0,0,0,0, 
org::apache::lucene::benchmark::byTask::tasks::OpenIndexTask ,4,2,0,4,1,0,5,2,14,2,39,0,0,0,2,10,2,0,0,0,0,0, 
org::apache::lucene::queryParser::surround::query::TooManyBasicQueries ,1,1,1,0,0,0,0,0,3,1,27,0,0,0,1,1,1,0,0,0,0,0, 
org::apache::lucene::benchmark::byTask::tasks::CloseIndexTask ,5,2,1,4,6,0,1,2,18,4,39,0,0,1,4,11,5,0,0,0,0,0, 
org::apache::lucene::search::highlight::Highlighter ,29,1,17,12,105,0,7,0,280,15,9,5,1,0,14,86,46,0,0,0,0,0, 
org::apache::lucene::store::AlreadyClosedException ,4,1,4,0,0,0,0,0,3,1,29,0,0,0,1,1,1,0,0,0,0,0, 
org::apache::lucene::index::FilterIndexReader ,2,2,1,1,276,2,1,2,82,24,58,0,0,0,19,60,24,0,0,0,0,0, 
org::apache::lucene::index::SegmentWriteState ,4,1,4,0,1,0,8,0,13,2,9,0,0,8,2,3,2,0,0,0,0,0, 
org::apache::lucene::search::FilteredQuery ,14,2,9,5,36,0,2,0,131,9,39,0,0,2,8,28,15,0,0,0,0,0, 
org::apache::lucene::misc::ChainedFilter ,7,2,1,6,21,0,8,0,101,7,21,3,4,1,2,44,22,0,0,0,0,0, 
org::apache::lucene::search::RemoteCachingWrapperFilterHelper ,5,3,1,4,3,0,1,1,22,3,24,1,0,0,3,10,5,0,0,0,0,0, 
org::apache::lucene::search::spell::LuceneDictionary ,4,1,2,2,1,0,2,0,7,2,10,2,0,0,2,4,2,0,0,0,0,0, 
org::apache::lucene::search::payloads::PayloadHelper ,4,1,1,3,1,0,6,0,21,2,9,3,0,0,2,16,2,0,0,0,0,0, 
org::apache::lucene::util::ScorerDocQueue ,4,1,1,3,120,0,4,0,115,16,9,4,4,0,12,33,29,0,0,0,0,0, 
org::apache::lucene::index::StaleReaderException ,1,1,1,0,0,0,0,0,3,1,27,0,0,0,1,1,1,0,0,0,0,0, 
org::apache::lucene::analysis::cn::ChineseFilter ,5,3,1,4,1,0,2,1,38,2,16,1,0,0,2,10,8,0,0,0,0,0, 
org::apache::lucene::index::TermVectorOffsetInfo ,8,1,8,0,21,0,3,0,33,7,9,2,0,0,7,7,11,1,0,0,0,0, 
org::apache::lucene::benchmark::byTask::Benchmark ,8,1,2,6,10,0,3,0,70,5,9,3,0,0,5,35,10,0,0,0,0,0, 
org::apache::lucene::analysis::standard::StandardTokenizerImpl ,6,1,1,5,171,0,41,0,271,19,9,29,7,0,10,40,64,0,0,0,0,0, 
org::apache::lucene::document::DateField ,7,1,2,5,21,0,1,0,40,7,9,1,1,0,6,24,12,0,0,0,0,0, 
org::apache::lucene::benchmark::byTask::programmatic::Sample ,8,1,0,8,1,0,0,0,56,2,9,0,1,0,1,18,2,0,0,0,0,0, 
org::apache::lucene::index::CheckIndex ,17,1,2,15,36,0,4,0,427,9,9,3,3,1,6,150,79,2,0,0,0,0, 
org::apache::lucene::index::FormatPostingsTermsConsumer ,4,1,2,2,1,1,1,0,8,2,9,0,0,1,0,6,3,0,0,0,0,0, 
org::apache::lucene::benchmark::byTask::tasks::ReopenReaderTask ,3,2,0,3,1,0,0,2,13,2,39,0,0,0,2,8,3,0,0,0,0,0, 
org::apache::lucene::index::SegmentTermEnum ,7,2,2,5,66,0,15,0,132,12,24,8,0,7,4,44,26,0,0,0,0,0, 
org::apache::lucene::analysis::TokenStream ,90,1,90,0,6,22,0,0,7,4,9,0,0,0,4,5,3,1,0,0,0,0, 
org::apache::lucene::analysis::nl::DutchAnalyzer ,4,2,0,4,6,0,4,0,31,4,15,3,0,0,4,14,4,0,0,0,0,0, 
org::apache::lucene::analysis::PorterStemmer ,5,1,1,4,231,0,8,0,312,22,9,8,12,0,8,157,164,0,0,0,0,0, 
org::apache::lucene::search::PrefixTermEnum ,5,3,1,4,6,0,2,0,18,4,24,2,0,0,2,12,6,0,0,0,0,0, 
org::apache::lucene::store::je::JELock ,1,2,1,0,6,0,1,3,11,4,12,0,0,1,4,4,4,0,0,0,0,0, 
org::apache::lucene::queryParser::precedence::ParseException ,5,1,2,3,3,0,5,0,87,3,27,0,0,3,2,23,24,0,0,0,0,0, 
org::apache::lucene::search::TermQuery ,80,2,73,7,21,1,1,0,30,7,39,1,0,0,6,25,10,0,0,0,0,0, 
org::apache::lucene::search::spans::SpanTermQuery ,27,3,20,7,45,1,1,0,36,10,44,0,0,0,10,33,13,0,0,0,0,0, 
org::apache::lucene::util::English ,0,1,0,0,1,0,0,0,72,2,9,0,0,0,2,45,38,0,0,0,0,0, 
org::apache::lucene::index::FieldsWriter ,10,1,4,6,45,0,10,0,185,10,9,4,1,0,0,78,27,0,0,0,0,0, 
org::apache::lucene::document::DateTools ,18,1,13,5,15,0,8,0,126,6,9,8,1,0,5,56,27,0,0,0,0,0, 
org::apache::lucene::analysis::ar::ArabicAnalyzer ,4,2,0,4,1,0,3,0,11,2,15,1,0,0,2,7,2,0,0,0,0,0, 
org::apache::lucene::benchmark::quality::trec::TrecTopicsReader ,6,1,2,4,3,0,1,0,60,3,9,1,1,0,2,22,10,0,0,0,0,0, 
org::apache::lucene::analysis::SinkTokenizer ,10,3,10,0,15,4,2,1,28,6,16,0,0,0,6,14,9,0,0,0,0,0, 
org::apache::lucene::search::FieldDocSortedHitQueue ,11,2,1,10,10,0,2,1,123,5,19,0,1,2,0,25,41,0,0,0,0,0, 
org::apache::lucene::search::TermScorer ,8,3,2,6,21,0,11,0,81,7,17,11,0,0,6,29,19,0,0,0,0,0, 
org::apache::lucene::swing::models::TableSearcherSimulator ,15,1,0,15,1,0,0,0,51,2,9,0,0,0,2,27,2,0,0,0,0,0, 
org::apache::lucene::search::BooleanFilter ,10,2,2,8,45,0,4,0,129,10,21,1,3,3,6,76,42,0,0,0,0,0, 
org::apache::lucene::index::DocConsumerPerThread ,1,1,1,0,1,1,0,0,0,2,9,0,0,0,0,2,0,0,0,0,0,0, 
org::apache::lucene::analysis::compound::hyphenation::ByteVector ,2,1,1,1,28,0,4,0,42,8,18,4,0,0,8,10,11,0,0,0,0,0, 
org::apache::lucene::analysis::payloads::PayloadHelper ,3,1,2,1,6,0,0,0,18,4,9,0,0,0,4,8,4,0,0,0,0,0, 
org::apache::lucene::search::DisjunctionMaxQuery ,6,2,2,4,45,0,2,0,81,10,39,2,0,0,9,53,26,0,0,0,0,0, 
org::apache::lucene::analysis::th::ThaiAnalyzer ,3,2,1,2,1,0,0,0,7,2,15,0,0,0,2,6,1,0,0,0,0,0, 
org::apache::lucene::store::IndexOutput ,33,1,31,2,105,5,3,0,61,15,9,3,0,0,15,30,19,0,0,0,0,0, 
org::apache::lucene::queryParser::surround::query::FieldsQuery ,5,2,0,5,28,0,4,1,48,8,30,4,0,0,7,40,11,0,0,0,0,0, 
org::apache::lucene::queryParser::surround::query::AndQuery ,3,3,1,2,1,0,0,1,7,2,45,0,0,0,2,4,2,0,0,0,0,0, 
org::apache::lucene::analysis::ru::RussianLetterTokenizer ,3,4,2,1,1,0,1,1,14,2,21,1,0,0,1,3,5,0,0,0,0,0, 
org::apache::lucene::index::MultiLevelSkipListWriter ,5,1,2,3,15,1,3,0,66,6,9,3,0,0,0,19,18,0,0,0,0,0, 
org::apache::lucene::search::function::IntFieldSource ,5,3,1,4,10,0,1,0,43,5,31,1,0,0,5,13,8,0,0,0,0,0, 
org::apache::lucene::index::SerialMergeScheduler ,7,2,6,1,3,1,0,0,10,3,11,0,0,0,3,5,4,0,0,0,0,0, 
org::apache::lucene::analysis::standard::StandardFilter ,12,3,10,2,1,0,2,1,32,2,16,2,0,0,2,8,11,0,0,0,0,0, 
org::apache::lucene::benchmark::byTask::tasks::SearchTask ,2,3,1,2,15,1,0,2,18,6,55,0,0,0,6,8,6,0,0,0,0,0, 
org::apache::lucene::util::SmallFloat ,3,1,2,1,15,0,0,0,62,6,9,0,0,0,6,12,18,0,0,0,0,0, 
org::apache::lucene::store::je::JEIndexOutput ,4,2,1,3,28,0,8,0,83,8,24,0,0,0,7,34,16,0,0,0,0,0, 
org::apache::lucene::analysis::LowerCaseFilter ,14,3,11,3,1,0,0,1,17,2,16,0,0,0,2,6,4,0,0,0,0,0, 
org::apache::lucene::queryParser::surround::query::ExceptionQueryTst ,6,1,2,4,3,0,2,0,34,3,9,2,0,0,3,14,7,0,0,0,0,0, 
org::apache::lucene::demo::html::Token ,2,1,2,0,3,0,8,0,9,3,9,0,0,8,3,4,2,0,0,0,0,0, 
org::apache::lucene::store::db::DbIndexInput ,6,2,1,5,28,0,5,0,92,8,33,0,0,0,7,34,16,0,0,0,0,0, 
org::apache::lucene::benchmark::byTask::feeds::DocData ,5,1,5,0,55,0,5,0,37,11,9,5,0,0,11,11,11,0,0,0,0,0, 
org::apache::lucene::search::spans::SpanNearQuery ,24,3,17,9,78,0,4,0,113,13,44,4,0,0,13,65,33,0,0,0,0,0, 
org::apache::lucene::queryParser::surround::parser::Token ,2,1,2,0,3,0,8,0,9,3,9,0,0,8,3,4,2,0,0,0,0,0, 
org::apache::lucene::benchmark::byTask::tasks::PerfTask ,43,1,37,6,210,20,7,0,93,21,18,5,0,0,15,54,31,0,0,0,0,0, 
org::apache::lucene::benchmark::byTask::feeds::BasicDocMaker ,17,1,6,11,136,5,20,0,177,17,19,9,3,0,9,115,55,0,0,0,0,0, 
org::apache::lucene::search::regex::JavaUtilRegexCapabilities ,3,1,0,3,10,0,1,0,22,5,12,1,0,0,5,12,11,0,0,0,0,0, 
org::apache::lucene::search::SimilarityDelegator ,3,2,2,1,36,0,1,0,27,9,31,1,0,0,9,17,9,0,0,0,0,0, 
org::apache::lucene::search::FuzzyQuery ,16,3,3,13,36,0,4,2,88,9,49,2,0,0,8,44,21,0,0,0,0,0, 
org::apache::lucene::xmlparser::builders::BoostingQueryBuilder ,5,1,1,4,1,0,2,0,20,2,10,1,0,1,2,8,2,0,0,0,0,0, 
org::apache::lucene::search::SpanFilter ,1,2,1,0,0,2,0,0,0,1,21,0,0,0,1,1,0,0,0,0,0,0, 
org::apache::lucene::store::instantiated::InstantiatedTermPositionVector ,3,2,1,2,3,0,1,0,9,3,50,1,0,0,3,9,3,0,0,0,0,0, 
org::apache::lucene::store::MockRAMOutputStream ,3,3,1,3,10,0,3,1,61,5,35,2,0,1,5,19,15,0,0,0,0,0, 
org::apache::lucene::benchmark::byTask::tasks::ResetSystemSoftTask ,2,3,0,2,1,1,0,2,7,2,42,0,0,0,2,4,2,0,0,0,0,0, 
org::apache::lucene::index::IndexCommit ,19,1,15,4,66,3,0,0,31,12,12,0,0,0,12,28,11,0,0,0,0,0, 
org::apache::lucene::analysis::compound::hyphenation::Hyphenation ,2,1,2,0,3,0,2,0,9,3,9,2,0,0,2,3,3,0,0,0,0,0, 
org::apache::lucene::search::similar::SimilarityQueries ,5,1,0,5,1,0,0,0,28,2,9,0,1,0,1,14,6,0,0,0,0,0, 
org::apache::lucene::analysis::SimpleAnalyzer ,47,2,44,3,3,0,0,0,12,3,15,0,0,0,3,8,3,0,0,0,0,0, 
org::apache::lucene::benchmark::byTask::feeds::DirDocMaker ,9,2,0,9,10,0,4,11,66,5,33,0,0,0,3,41,11,0,0,0,0,0, 
org::apache::lucene::search::regex::SpanRegexQuery ,15,3,2,13,66,0,2,0,73,12,46,2,0,0,12,41,18,0,0,0,0,0, 
org::apache::lucene::benchmark::byTask::feeds::SimpleQueryMaker ,3,2,0,3,0,1,0,3,24,1,23,0,0,0,0,14,1,0,0,0,0,0, 
org::apache::lucene::index::TermVectorsTermsWriterPerField ,10,2,2,10,36,0,10,0,186,9,15,0,0,10,2,43,31,0,0,0,0,0, 
org::apache::lucene::benchmark::byTask::tasks::CommitIndexTask ,2,2,0,2,1,0,0,2,11,2,39,0,0,0,2,5,3,0,0,0,0,0, 
org::apache::lucene::benchmark::byTask::tasks::SearchTravRetHighlightTask ,8,4,0,8,28,1,4,3,55,8,64,0,0,0,7,41,18,0,0,0,0,0, 
org::apache::lucene::search::highlight::QueryScorer ,3,1,1,2,15,0,5,0,45,6,12,1,0,4,6,18,11,0,0,0,0,0, 
org::apache::lucene::queryParser::FastCharStream ,3,1,1,2,91,0,6,0,75,14,21,0,1,6,13,24,19,0,0,0,0,0, 
org::apache::lucene::benchmark::standard::StandardOptions ,1,1,1,0,28,0,4,0,24,8,9,4,0,0,8,8,8,0,0,0,0,0, 
org::apache::lucene::search::function::FieldCacheSource ,5,2,4,1,28,4,1,0,23,8,23,1,0,0,8,13,7,0,0,0,0,0, 
org::apache::lucene::search::CachingWrapperFilter ,6,2,4,2,15,2,2,0,54,6,21,0,0,0,6,16,11,1,0,0,0,0, 
org::apache::lucene::search::RangeQuery ,12,3,5,7,105,1,6,2,85,15,49,6,1,0,13,49,54,1,0,0,0,0, 
org::apache::lucene::analysis::sinks::TokenRangeSinkTokenizer ,1,4,0,1,3,0,3,3,14,3,22,3,0,0,3,4,5,0,0,0,0,0, 
org::apache::lucene::index::CompoundFileWriter ,11,1,4,7,15,0,6,0,147,6,9,6,1,0,4,52,22,0,0,0,0,0, 
org::apache::lucene::benchmark::standard::StandardBenchmarker ,26,2,0,26,45,0,3,0,319,10,12,1,0,0,4,165,58,0,0,0,0,0, 
org::apache::lucene::queryParser::surround::query::SrndBooleanQuery ,4,1,3,1,1,0,0,0,13,2,9,0,0,0,2,12,4,0,0,0,0,0, 
org::apache::lucene::analysis::snowball::SnowballFilter ,8,3,2,6,1,0,1,1,23,2,16,1,0,0,2,13,4,0,0,0,0,0, 
org::apache::lucene::index::FieldInfo ,1,1,1,0,3,0,9,0,38,3,9,0,0,9,1,4,10,1,0,0,0,0, 
org::apache::lucene::search::Hits ,39,1,31,9,55,0,14,0,141,11,9,13,5,1,5,42,32,0,0,0,0,0, 
org::apache::lucene::search::spell::JaroWinklerDistance ,2,1,1,1,10,0,1,0,73,5,10,1,1,0,4,25,19,0,0,0,0,0, 
org::apache::lucene::search::FieldSortedHitQueue ,10,2,1,9,153,0,4,1,265,18,19,0,1,0,4,73,33,0,0,0,0,0, 
org::apache::lucene::util::cache::SimpleLRUCache ,3,3,2,1,0,0,2,1,11,1,22,2,0,0,1,3,1,0,0,0,0,0, 
org::apache::lucene::search::RangeTermEnum ,6,3,1,5,6,0,7,0,75,4,24,7,0,0,2,15,26,1,0,0,0,0, 
org::apache::lucene::analysis::StopFilter ,21,3,19,2,21,0,3,1,36,7,16,3,0,0,7,17,10,0,0,0,0,0, 
org::apache::lucene::index::PositionBasedTermVectorMapper ,2,2,1,1,10,0,4,0,35,5,15,4,0,0,5,14,10,0,0,0,0,0, 
org::apache::lucene::store::ChecksumIndexOutput ,4,2,1,3,55,0,2,0,45,11,24,0,0,2,11,29,11,0,0,0,0,0, 
org::apache::lucene::misc::LengthNormModifier ,12,1,1,11,3,0,2,0,77,3,9,2,0,0,3,42,15,0,0,0,0,0, 
org::apache::lucene::benchmark::byTask::tasks::OptimizeTask ,3,2,0,3,6,0,1,2,16,4,39,0,0,1,4,10,4,0,0,0,0,0, 
org::apache::lucene::xmlparser::QueryTemplateManager ,14,1,2,12,21,0,4,0,50,7,9,0,0,4,7,36,10,0,0,0,0,0, 
org::apache::lucene::demo::FileDocument ,6,1,3,3,1,0,0,0,26,2,9,0,1,0,1,10,2,0,0,0,0,0, 
org::tartarus::snowball::ext::German2Stemmer ,1,2,0,1,28,0,12,6,644,8,35,12,7,0,1,63,116,0,0,0,0,0, 
org::apache::lucene::index::DocHelper ,10,1,7,3,6,0,56,0,21,4,9,0,1,27,3,15,5,0,0,0,0,0, 
org::apache::lucene::search::TopDocCollector ,5,2,2,3,6,1,3,0,32,4,11,1,0,0,3,10,9,0,0,0,0,0, 
org::apache::lucene::index::MultiSegmentReader ,14,3,2,12,435,1,7,5,300,30,78,6,2,0,16,124,75,1,0,0,0,0, 
org::apache::lucene::search::QueryWrapperFilter ,10,2,5,5,15,0,1,0,32,6,21,1,0,0,6,16,7,0,0,0,0,0, 
org::apache::lucene::search::function::DocValues ,12,1,9,3,78,1,4,0,52,13,9,4,1,0,11,28,12,0,0,0,0,0, 
org::apache::lucene::index::DocFieldConsumerPerThread ,3,1,3,0,6,3,0,0,0,4,9,0,0,0,0,4,0,0,0,0,0,0, 
org::apache::lucene::analysis::KeywordTokenizer ,2,3,0,2,3,0,2,1,30,3,16,2,0,0,3,11,7,0,0,0,0,0, 
org::apache::lucene::queryParser::precedence::TokenMgrError ,5,1,2,3,6,0,5,0,57,4,27,0,0,1,2,26,17,0,0,0,0,0, 
org::apache::lucene::analysis::ngram::EdgeNGramTokenizer ,4,3,1,3,1,0,10,1,34,2,16,7,0,0,2,10,6,0,0,0,0,0, 
org::apache::lucene::search::similar::MoreLikeThisQuery ,4,2,1,3,171,0,8,0,74,19,39,3,0,5,19,31,20,0,0,0,0,0, 
org::apache::lucene::search::highlight::SimpleHTMLFormatter ,8,1,6,2,1,0,2,0,16,2,10,0,0,2,2,6,3,0,0,0,0,0, 
org::apache::lucene::index::FormatPostingsFieldsWriter ,6,2,2,4,3,0,7,0,35,3,11,0,0,7,1,11,3,0,0,0,0,0, 
org::apache::lucene::store::NoLockFactory ,3,2,3,0,6,0,2,1,7,4,13,2,0,0,4,4,3,0,0,0,0,0, 
org::apache::lucene::search::FilterClause ,3,1,3,0,3,0,2,0,10,3,18,0,0,2,3,3,3,0,0,0,0,0, 
org::apache::lucene::xmlparser::webdemo::FormBasedXmlQueryDemo ,15,1,0,15,3,0,4,0,92,3,48,4,1,0,1,50,10,0,0,0,0,0, 
org::apache::lucene::index::InvertedDocEndConsumerPerField ,1,1,1,0,1,1,0,0,0,2,9,0,0,0,0,2,0,0,0,0,0,0, 
org::tartarus::snowball::ext::RomanianStemmer ,1,2,0,1,78,0,11,6,747,13,35,11,12,0,1,77,140,0,0,0,0,0, 
org::apache::lucene::store::je::File ,12,1,4,8,45,0,7,0,168,10,9,0,1,0,0,72,24,0,0,0,0,0, 
org::apache::lucene::benchmark::byTask::tasks::DeleteDocTask ,4,2,0,4,21,0,8,2,37,7,39,6,1,0,6,22,12,0,0,0,0,0, 
org::apache::lucene::search::Scorer ,25,2,25,0,6,16,1,0,6,4,13,1,0,0,3,4,2,0,0,0,0,0, 
org::apache::lucene::analysis::nl::DutchStemmer ,4,1,1,3,153,0,5,0,289,18,9,5,15,0,2,143,102,0,0,0,0,0, 
org::apache::lucene::search::function::ValueSourceQuery ,9,2,3,6,21,1,1,0,26,7,39,0,0,1,6,20,9,1,0,0,0,0, 
org::apache::lucene::store::db::SanityLoadLibrary ,0,1,0,0,0,0,0,0,5,1,9,0,0,0,1,3,1,0,0,0,0,0, 
org::apache::lucene::benchmark::byTask::tasks::NewAnalyzerTask ,6,2,0,6,6,0,2,2,37,4,39,2,0,0,4,22,10,0,0,0,0,0, 
org::tartarus::snowball::ext::GermanStemmer ,1,2,0,1,28,0,11,6,615,8,35,11,7,0,1,60,109,0,0,0,0,0, 
org::apache::lucene::util::Constants ,0,1,0,0,0,0,8,0,1,1,9,0,1,0,0,1,1,0,0,0,0,0, 
org::apache::lucene::queryParser::surround::query::SrndTermQuery ,7,3,1,6,10,0,1,1,25,5,44,1,0,0,5,19,8,0,0,0,0,0, 
org::apache::lucene::queryParser::surround::query::SrndTruncQuery ,10,3,1,9,21,0,5,1,63,7,44,5,0,0,4,40,19,0,0,0,0,0, 
org::apache::lucene::search::spans::NearSpansUnordered ,7,2,1,7,120,0,10,0,151,16,16,10,7,0,9,80,51,0,0,0,0,0, 
org::apache::lucene::xmlparser::builders::BooleanFilterBuilder ,9,1,1,8,1,0,1,0,23,2,10,1,0,0,2,13,4,0,0,0,0,0, 
org::apache::lucene::benchmark::quality::utils::SimpleQQParser ,4,1,2,2,1,0,3,0,12,2,10,2,0,1,2,8,3,0,0,0,0,0, 
org::apache::lucene::index::SnapshotDeletionPolicy ,5,1,1,4,15,0,3,0,31,6,11,3,1,0,5,22,9,0,0,0,0,0, 
org::apache::lucene::analysis::cz::CzechAnalyzer ,5,2,0,5,3,0,2,0,35,3,15,1,0,0,3,15,6,0,0,0,0,0, 
org::apache::lucene::index::ByteSliceWriter ,2,1,1,1,15,0,4,0,45,6,9,3,0,1,6,10,10,0,0,0,0,0, 
org::apache::lucene::analysis::fr::FrenchStemmer ,4,1,1,3,210,0,8,0,482,21,9,8,19,0,1,174,128,0,0,0,0,0, 
org::apache::lucene::benchmark::byTask::feeds::AbstractQueryMaker ,4,1,0,4,15,3,3,0,26,6,13,0,0,0,4,15,7,0,0,0,0,0, 
org::apache::lucene::search::FilteredTermEnum ,9,2,8,1,36,5,2,0,38,9,15,2,0,0,6,18,14,0,0,0,0,0, 
org::apache::lucene::analysis::payloads::NumericPayloadTokenFilter ,4,3,1,3,1,0,2,1,14,2,16,2,0,0,2,8,4,0,0,0,0,0, 
org::apache::lucene::analysis::compound::hyphenation::PatternParser ,14,1,1,13,210,0,11,0,268,21,48,0,1,7,14,160,64,0,0,0,0,0, 
org::apache::lucene::analysis::fr::FrenchStemFilter ,5,3,1,4,6,0,2,1,29,4,16,2,0,0,4,12,10,0,0,0,0,0, 
org::apache::lucene::search::spans::SpanQuery ,12,2,12,1,10,6,0,0,6,5,39,0,0,0,4,6,2,0,0,0,0,0, 
org::apache::lucene::search::function::OrdFieldSource ,4,2,1,3,10,0,2,0,36,5,23,1,0,0,5,10,6,0,0,0,0,0, 
org::tartarus::snowball::ext::DutchStemmer ,1,2,0,1,55,0,12,6,753,11,35,12,10,0,1,85,130,0,0,0,0,0, 
org::apache::lucene::index::memory::PatternAnalyzer ,7,2,1,6,28,0,8,0,88,8,15,4,4,0,4,36,33,0,0,0,0,0, 
org::apache::lucene::search::function::FieldScoreQuery ,2,3,2,0,1,0,0,1,18,2,46,0,1,0,1,8,6,0,0,0,0,0, 
org::apache::lucene::analysis::compound::CompoundWordTokenFilterBase ,6,3,2,4,28,2,9,1,74,8,16,0,0,0,2,36,14,0,0,0,0,0, 
org::apache::lucene::swing::models::ListSearcher ,15,1,5,11,66,0,8,0,137,12,32,8,6,0,6,67,21,0,0,0,0,0, 
org::apache::lucene::index::DocConsumer ,2,1,2,0,10,1,0,0,0,5,9,0,0,0,0,5,0,0,0,0,0,0, 
org::apache::lucene::analysis::standard::StandardTokenizer ,3,3,1,2,28,0,14,1,62,8,16,3,0,0,7,24,13,1,0,0,0,0, 
org::apache::lucene::xmlparser::builders::SpanOrTermsBuilder ,9,3,1,8,1,0,1,0,26,2,12,0,0,1,2,19,3,0,0,0,0,0, 
org::apache::lucene::analysis::cn::ChineseTokenizer ,3,3,2,1,6,0,9,1,66,4,16,9,2,0,2,15,14,0,0,0,0,0, 
org::apache::lucene::wikipedia::analysis::WikipediaTokenizer ,5,3,1,4,28,0,38,1,122,8,16,4,4,0,3,74,26,0,0,0,0,0, 
org::apache::lucene::store::instantiated::InstantiatedTermDocs ,6,1,2,5,28,1,4,0,63,8,16,2,0,0,8,31,20,0,0,0,0,0, 
org::apache::lucene::index::DocFieldProcessorPerThread ,9,2,1,8,21,0,11,0,238,7,11,0,1,11,4,52,41,0,0,0,0,0, 
org::apache::lucene::xmlparser::builders::UserInputQueryBuilder ,5,1,1,4,3,0,3,0,32,3,10,2,0,1,2,13,4,0,0,0,0,0, 
org::apache::lucene::analysis::ru::RussianStemFilter ,5,3,1,4,3,0,1,1,22,3,16,1,0,0,3,9,7,0,0,0,0,0, 
org::apache::lucene::analysis::shingle::ShingleFilter ,4,3,1,3,28,0,10,1,141,8,16,7,3,0,5,66,32,0,0,0,0,0, 
org::apache::lucene::index::DocFieldConsumer ,4,1,4,0,15,3,1,0,3,6,9,0,0,1,0,6,1,0,0,0,0,0, 
org::apache::lucene::analysis::compound::hyphenation::CharVector ,4,1,3,1,45,0,4,0,50,10,27,4,0,0,10,14,13,0,0,0,0,0, 
org::apache::lucene::search::FilterManager ,7,1,2,5,10,0,7,0,35,5,9,0,0,0,4,19,7,1,0,0,0,0, 
org::apache::lucene::search::PhraseQuery ,28,2,20,9,55,0,5,0,90,11,39,5,0,0,10,54,28,0,0,0,0,0, 
org::apache::lucene::index::TermsHashConsumer ,2,1,2,0,21,2,1,0,3,7,9,0,0,1,0,7,1,0,0,0,0,0, 
org::apache::lucene::queryParser::surround::query::BooleanQueryTst ,7,1,2,5,3,0,7,0,32,3,9,0,0,7,3,12,4,0,0,0,0,0, 
org::apache::lucene::index::KeepOnlyLastCommitDeletionPolicy ,8,1,7,1,3,0,0,0,12,3,11,0,0,0,3,7,3,0,0,0,0,0, 
org::apache::lucene::search::BooleanScorer ,9,3,0,9,36,0,10,0,85,9,17,10,1,0,6,27,28,0,0,0,0,0, 
org::apache::lucene::search::FieldCacheImpl ,2,1,0,2,28,1,12,2,24,8,17,4,0,8,8,21,8,1,0,0,0,0, 
org::apache::lucene::store::instantiated::InstantiatedTermFreqVector ,6,1,1,5,36,1,5,0,60,9,24,5,0,0,9,27,17,0,0,0,0,0, 
org::apache::lucene::index::DocFieldConsumerPerField ,3,1,3,0,1,3,0,0,0,2,9,0,0,0,0,2,0,0,0,0,0,0, 
org::apache::lucene::benchmark::byTask::tasks::RepSumByPrefTask ,8,3,1,7,10,2,1,12,45,5,46,0,0,0,4,33,9,0,0,0,0,0, 
org::apache::lucene::index::FormatPostingsPositionsWriter ,6,2,1,5,10,0,6,0,45,5,11,0,0,6,0,15,11,0,0,0,0,0, 
org::apache::lucene::index::FieldsReader ,17,1,3,15,120,0,11,0,332,16,9,11,9,0,0,119,60,1,0,0,0,0, 
org::apache::lucene::store::GCJDirectory ,3,3,0,3,0,0,0,3,9,1,29,0,0,0,1,7,2,0,0,0,0,0, 
org::apache::lucene::search::spell::SuggestWord ,2,1,2,0,1,0,3,0,19,2,9,0,0,3,1,2,5,0,0,0,0,0, 
org::apache::lucene::xmlparser::builders::SpanTermBuilder ,4,3,1,3,1,0,0,0,9,2,12,0,0,0,2,8,1,0,0,0,0,0, 
org::apache::lucene::benchmark::byTask::utils::Algorithm ,14,1,2,12,6,0,1,0,204,4,9,1,1,0,3,92,44,0,0,0,0,0, 
org::apache::lucene::search::CachingWrapperFilterHelper ,5,3,2,3,10,0,1,2,38,5,27,1,0,0,5,12,9,0,0,0,0,0, 
org::tartarus::snowball::ext::RussianStemmer ,1,2,0,1,66,0,11,6,540,12,35,11,11,0,1,59,98,0,0,0,0,0, 
org::apache::lucene::store::db::Block ,4,1,2,2,15,0,2,0,47,6,9,0,0,0,0,20,6,0,0,0,0,0, 
org::apache::lucene::search::HitCollector ,18,1,18,0,1,12,0,0,0,2,9,0,0,0,2,2,0,0,0,0,0,0, 
org::apache::lucene::index::TermVectorMapper ,4,1,4,0,15,6,2,0,12,6,9,2,0,0,5,6,4,0,0,0,0,0, 
org::apache::lucene::util::OpenBitSet ,11,2,6,5,861,1,2,0,335,42,29,0,0,0,41,88,82,0,0,0,0,0, 
org::apache::lucene::benchmark::byTask::tasks::ReadTokensTask ,11,2,0,11,10,0,7,2,66,5,39,2,1,4,4,37,13,0,0,0,0,0, 
org::apache::lucene::store::je::Block ,4,1,2,2,15,0,2,0,45,6,9,0,0,0,0,20,6,0,0,0,0,0, 
org::apache::lucene::util::StringHelper ,3,1,2,1,3,0,0,0,20,3,9,0,1,0,2,5,9,0,0,0,0,0, 
org::apache::lucene::swing::models::ListSearcherSimulator ,16,1,0,16,1,0,0,0,53,2,9,0,0,0,2,27,2,0,0,0,0,0, 
org::apache::lucene::demo::html::Tags ,0,1,0,0,0,0,1,0,0,0,9,0,0,0,0,0,0,0,0,0,0,0, 
org::apache::lucene::benchmark::byTask::tasks::SetPropTask ,5,2,0,5,6,0,2,2,19,4,39,2,0,0,4,14,6,0,0,0,0,0, 
org::apache::lucene::store::LockVerifyServer ,5,1,0,5,1,0,0,0,57,2,9,0,1,0,1,25,9,0,0,0,0,0, 
org::apache::lucene::analysis::payloads::TokenOffsetPayloadTokenFilter ,4,3,1,3,1,0,0,1,15,2,16,0,0,0,2,8,3,0,0,0,0,0, 
org::apache::lucene::search::spans::SpanScorer ,7,3,2,5,21,1,8,0,57,7,17,0,0,0,5,31,15,0,0,0,0,0, 
org::apache::lucene::index::MultiLevelSkipListReader ,6,1,2,4,45,1,14,0,140,10,9,14,2,0,1,33,31,0,0,0,0,0, 
org::apache::lucene::index::DocumentsWriterThreadState ,3,1,1,2,1,0,6,0,13,2,9,0,0,6,1,4,2,1,0,0,0,0, 
org::apache::lucene::document::LoadFirstFieldSelector ,1,2,1,0,1,0,0,0,3,2,19,0,0,0,2,2,1,0,0,0,0,0, 
org::apache::lucene::search::PrefixFilter ,6,2,1,5,10,0,2,0,18,5,21,1,0,0,5,14,5,0,0,0,0,0, 
org::apache::lucene::index::TermVectorsTermsWriter ,10,2,1,10,78,0,9,1,189,13,16,0,0,9,4,64,32,1,0,0,0,0, 
org::apache::lucene::benchmark::Driver ,5,1,0,5,45,0,3,0,71,10,9,3,2,0,8,29,12,0,0,0,0,0, 
org::apache::lucene::benchmark::quality::utils::SubmissionReport ,7,1,2,5,6,0,4,0,36,4,9,4,1,0,3,17,8,0,0,0,0,0, 
org::apache::lucene::store::instantiated::InstantiatedTerm ,10,1,7,3,66,0,6,0,101,12,18,4,0,0,10,26,24,0,0,0,0,0, 
org::apache::lucene::store::instantiated::FieldSetting ,2,1,1,1,3,0,9,0,17,3,9,0,0,9,2,7,6,1,0,0,0,0, 
org::apache::lucene::index::SegmentReader ,3,3,1,2,6,2,26,5,22,4,78,16,2,10,2,18,6,4,0,0,0,0, 
org::apache::lucene::benchmark::byTask::tasks::SearchTravRetLoadFieldSelectorTask ,3,4,0,3,10,0,1,3,22,5,64,0,0,0,4,12,6,0,0,0,0,0, 
org::apache::lucene::benchmark::standard::ReutersQueries ,5,1,1,4,0,0,1,0,9,1,9,0,0,1,1,15,1,0,0,0,0,0, 
org::apache::lucene::queryParser::surround::parser::TokenMgrError ,5,1,2,3,6,0,5,0,57,4,27,0,0,1,2,26,17,0,0,0,0,0, 
org::apache::lucene::index::FormatPostingsDocsWriter ,9,2,1,8,10,0,14,0,72,5,11,1,0,13,0,23,12,0,0,0,0,0, 
org::apache::lucene::store::db::File ,12,1,4,8,45,0,7,0,183,10,9,0,1,0,0,73,24,0,0,0,0,0, 
org::apache::lucene::index::SegmentInfo ,22,1,13,9,435,0,19,0,467,30,9,11,2,4,5,116,114,1,0,0,0,0, 
org::apache::lucene::index::ReadOnlyMultiSegmentReader ,2,4,1,1,1,0,0,6,6,2,106,0,0,0,0,3,2,0,0,0,0,0, 
org::apache::lucene::index::StoredFieldsWriter ,8,2,1,7,55,0,6,1,116,11,15,0,1,6,5,41,22,1,0,0,0,0, 
org::apache::lucene::xmlparser::CorePlusExtensionsParser ,8,2,0,8,0,0,0,5,11,1,15,0,1,0,0,9,1,0,0,0,0,0, 
org::apache::lucene::index::RawPostingList ,0,1,0,0,0,1,4,0,0,0,9,0,0,3,0,0,0,0,0,0,0,0, 
org::apache::lucene::benchmark::byTask::tasks::ReadTask ,12,2,2,10,120,4,0,2,116,16,39,0,0,0,11,69,31,1,0,0,0,0, 
org::apache::lucene::benchmark::byTask::feeds::SimpleDocMaker ,5,2,1,4,6,1,2,11,18,4,33,1,1,0,2,10,6,0,0,0,0,0, 
org::apache::lucene::store::NIOFSDirectory ,2,3,0,2,1,0,0,3,6,2,29,0,0,0,1,6,2,2,0,0,0,0, 
org::apache::lucene::index::FreqProxTermsWriterPerField ,7,2,2,5,55,0,7,0,96,11,15,0,0,7,3,25,22,0,0,0,0,0, 
org::apache::lucene::demo::IndexHTML ,10,1,0,10,3,0,4,0,88,3,9,4,2,0,1,53,23,0,0,0,0,0, 
org::apache::lucene::analysis::nl::DutchStemFilter ,5,3,1,4,10,0,2,1,33,5,16,2,0,0,5,13,12,0,0,0,0,0, 
org::apache::lucene::index::IndexFileDeleter ,17,1,5,12,91,0,11,0,319,14,9,9,4,2,4,130,66,3,0,0,0,0, 
org::tartarus::snowball::ext::KpStemmer ,1,2,0,1,153,0,19,6,2032,18,35,19,17,0,1,259,351,0,0,0,0,0, 
lucli::Lucli ,12,1,0,12,78,0,19,0,188,13,9,0,11,4,2,80,40,0,0,0,0,0, 
org::apache::lucene::analysis::ar::ArabicStemmer ,2,1,1,1,28,0,13,0,53,8,9,0,0,0,4,16,21,0,0,0,0,0, 
org::apache::lucene::index::DocFieldProcessorPerField ,3,1,1,2,1,0,6,0,7,2,9,0,0,6,2,4,2,0,0,0,0,0, 
org::apache::lucene::analysis::LetterTokenizer ,3,4,2,1,1,2,0,1,6,2,21,0,0,0,1,3,2,0,0,0,0,0, 
org::apache::lucene::queryParser::surround::query::SimpleTerm ,9,2,3,6,66,3,1,1,56,12,32,1,0,0,10,31,14,0,0,0,0,0, 
org::apache::lucene::search::SortComparator ,4,2,1,3,3,0,0,0,19,3,19,0,0,0,2,6,1,0,0,0,0,0, 
org::apache::lucene::analysis::th::ThaiWordFilter ,6,3,1,5,1,0,2,1,39,2,16,2,0,0,2,25,8,0,0,0,0,0, 
org::apache::lucene::index::CompoundFileReader ,8,2,4,4,91,0,5,2,97,14,27,5,0,0,14,41,23,0,0,0,0,0, 
org::apache::lucene::store::RAMDirectory ,26,2,19,7,66,2,3,2,114,12,36,1,0,2,12,55,22,3,0,0,0,0, 
org::apache::lucene::index::memory::AnalyzerUtil ,10,1,0,10,55,0,2,0,237,11,9,2,3,0,8,63,32,0,0,0,0,0, 
org::apache::lucene::analysis::br::BrazilianStemFilter ,5,3,1,4,1,0,2,1,21,2,16,2,0,0,2,8,7,0,0,0,0,0, 
org::apache::lucene::index::CorruptIndexException ,5,1,5,0,0,0,0,0,3,1,27,0,0,0,1,1,1,0,0,0,0,0, 
org::apache::lucene::search::QueryTermVector ,8,1,1,7,36,0,2,0,81,9,15,2,1,0,8,47,20,0,0,0,0,0, 
org::apache::lucene::store::SimpleFSLockFactory ,3,2,1,2,6,0,1,1,24,4,13,1,0,0,3,12,9,0,0,0,0,0, 
org::apache::lucene::demo::html::Entities ,6,1,2,4,3,0,2,0,44,3,9,0,0,0,1,26,13,0,0,0,0,0, 
org::apache::lucene::benchmark::byTask::tasks::OpenReaderTask ,2,2,0,2,1,0,0,2,9,2,39,0,0,0,2,6,2,0,0,0,0,0, 
org::apache::lucene::benchmark::byTask::PerfRunData ,48,1,37,12,153,0,11,0,132,18,9,11,0,0,18,63,27,0,0,0,0,0, 
org::apache::lucene::search::RangeFilter ,6,2,1,5,36,0,7,0,59,9,21,7,1,0,8,28,29,0,0,0,0,0, 
org::apache::lucene::index::ByteBlockPool ,6,1,4,2,10,0,10,0,77,5,9,2,0,5,5,12,11,0,0,0,0,0, 
org::apache::lucene::analysis::CharArraySet ,5,1,1,4,45,0,4,0,98,10,0,4,4,0,6,34,32,1,0,0,0,0, 
org::apache::lucene::index::NormsWriterPerThread ,2,2,1,1,15,0,2,0,13,6,13,0,0,2,1,7,6,0,0,0,0,0, 
org::apache::lucene::index::DocFieldProcessor ,3,2,0,3,15,0,3,0,37,6,14,0,0,3,6,22,7,0,0,0,0,0, 
org::apache::lucene::xmlparser::builders::SpanQueryBuilderFactory ,3,2,1,2,6,0,1,0,14,4,11,0,0,1,4,11,4,0,0,0,0,0, 
org::apache::lucene::index::TermsHashPerField ,15,2,6,10,136,0,22,0,388,17,13,7,2,15,6,60,84,0,0,0,0,0, 
org::apache::lucene::search::ConjunctionScorer ,5,3,1,4,28,0,5,0,78,8,17,5,2,0,6,25,17,0,0,0,0,0, 
org::apache::lucene::index::FormatPostingsFieldsConsumer ,2,1,2,0,1,1,0,0,0,2,9,0,0,0,0,2,0,0,0,0,0,0, 
org::apache::lucene::search::MultiPhraseQuery ,21,2,12,10,105,0,4,0,140,15,39,4,3,0,11,75,42,1,0,0,0,0, 
org::apache::lucene::index::FieldNormModifier ,11,1,1,10,3,0,2,0,86,3,9,2,0,0,3,46,18,0,0,0,0,0, 
org::apache::lucene::analysis::nl::WordlistLoader ,3,1,0,3,3,0,0,0,51,3,9,0,1,0,2,19,9,0,0,0,0,0, 
org::apache::lucene::util::BitUtil ,1,1,1,0,55,0,1,0,686,11,9,0,0,0,11,36,42,0,0,0,0,0, 
org::apache::lucene::analysis::miscellaneous::SingleTokenTokenStream ,4,2,4,0,10,0,2,0,21,5,13,2,0,0,5,9,6,0,0,0,0,0, 
org::apache::lucene::search::spell::LevensteinDistance ,2,1,1,1,1,0,0,0,71,2,10,0,0,0,2,7,8,1,0,0,0,0, 
org::apache::lucene::analysis::miscellaneous::EmptyTokenStream ,2,2,2,0,1,0,0,0,4,2,13,0,0,0,2,2,1,0,0,0,0,0, 
org::apache::lucene::util::ToStringUtils ,18,1,17,1,0,0,0,0,5,1,9,0,0,0,1,2,2,0,0,0,0,0, 
org::apache::lucene::index::FreqProxFieldMergeState ,4,1,1,3,3,0,12,0,56,3,9,2,0,10,2,10,10,0,0,0,0,0, 
org::apache::lucene::store::instantiated::InstantiatedTermDocumentInformation ,9,1,9,0,45,0,9,0,33,10,18,6,0,0,6,10,10,0,0,0,0,0, 
org::apache::lucene::analysis::WhitespaceAnalyzer ,74,2,71,3,3,0,0,0,12,3,15,0,0,0,3,8,3,0,0,0,0,0, 
org::apache::lucene::search::SpanQueryFilter ,7,3,1,6,21,0,1,0,40,7,22,0,0,0,7,24,10,0,0,0,0,0, 
org::apache::lucene::store::instantiated::FieldSettings ,6,1,3,3,6,0,1,0,55,4,9,1,0,0,0,13,16,1,0,0,0,0, 
org::apache::lucene::index::MultipleTermPositions ,6,2,1,5,66,0,4,0,74,12,20,4,0,0,12,49,22,0,0,0,0,0, 
org::apache::lucene::analysis::compound::HyphenationCompoundWordTokenFilter ,5,4,1,4,3,0,1,10,81,3,24,1,0,0,2,24,18,0,0,0,0,0, 
org::apache::lucene::demo::html::HTMLParserTokenManager ,4,1,1,3,1275,0,18,39,1504,51,9,2,45,7,5,238,408,0,0,0,0,0, 
org::apache::lucene::benchmark::byTask::utils::FileUtils ,2,1,1,1,0,0,0,0,18,1,9,0,0,0,1,7,8,0,0,0,0,0, 
org::apache::lucene::index::DocFieldConsumersPerField ,2,2,1,1,3,0,3,0,16,3,11,0,0,3,3,6,3,0,0,0,0,0, 
org::apache::lucene::search::BooleanScorer2 ,10,3,1,9,105,0,8,0,147,15,17,8,8,0,7,72,36,0,0,0,0,0, 
org::apache::lucene::benchmark::byTask::tasks::SearchTravRetTask ,0,4,0,0,1,0,0,3,6,2,64,0,0,0,2,2,2,0,0,0,0,0, 
org::apache::lucene::index::NormsWriter ,5,2,0,5,21,0,2,0,125,7,14,2,0,0,3,37,23,0,0,0,0,0, 
org::apache::lucene::benchmark::byTask::stats::Report ,7,1,7,0,10,0,4,0,18,5,9,4,0,0,5,5,5,0,0,0,0,0, 
com::sleepycat::db::DbHandleExtractor ,0,1,0,0,3,0,0,0,8,3,9,0,1,0,2,3,3,0,0,0,0,0, 
org::apache::lucene::index::DirectoryIndexReader ,17,2,4,14,190,2,10,2,295,20,58,7,0,0,9,101,54,4,0,0,0,0, 
org::apache::lucene::search::function::FloatFieldSource ,4,3,0,4,10,0,1,0,39,5,31,1,0,0,5,13,8,0,0,0,0,0, 
org::apache::lucene::search::Hit ,6,1,2,4,28,0,4,0,39,8,18,4,1,0,6,23,10,0,0,0,0,0, 
org::apache::lucene::index::ByteSliceReader ,7,2,5,2,55,0,8,0,96,11,33,0,0,8,10,23,17,0,0,0,0,0, 
org::apache::lucene::analysis::fr::ElisionFilter ,2,3,0,2,3,0,2,1,40,3,16,2,0,0,3,23,10,0,0,0,0,0, 
org::apache::lucene::benchmark::quality::QualityQuery ,7,1,6,1,10,0,2,0,25,5,9,2,0,0,5,10,5,0,0,0,0,0, 
org::apache::lucene::search::DuplicateFilter ,11,2,2,9,78,0,7,0,143,13,21,0,2,3,11,58,36,0,0,0,0,0, 
org::apache::lucene::index::TermVectorAccessor ,8,1,1,7,3,0,4,0,66,3,9,4,1,0,2,40,12,0,0,0,0,0, 
org::apache::lucene::index::IndexWriter ,91,1,66,28,7875,4,59,0,2630,126,9,45,47,3,55,908,484,9,0,0,0,0, 
org::apache::lucene::demo::IndexFiles ,5,1,0,5,3,0,1,0,60,3,9,0,1,0,1,34,11,0,0,0,0,0, 
org::apache::lucene::search::highlight::DefaultEncoder ,0,1,0,0,1,0,0,0,5,2,10,0,0,0,2,2,2,0,0,0,0,0, 
org::apache::lucene::analysis::ISOLatin1AccentFilter ,4,3,2,2,3,0,2,1,216,3,16,2,0,0,3,8,44,0,0,0,0,0, 
org::apache::lucene::search::highlight::WeightedSpanTermExtractor ,27,1,1,26,55,0,5,0,269,11,9,5,6,0,5,144,56,0,0,0,0,0, 
org::apache::lucene::util::OpenBitSetDISI ,4,3,2,2,10,0,0,2,29,5,71,0,0,0,5,27,14,0,0,0,0,0, 
org::apache::lucene::queryParser::surround::parser::ParseException ,5,1,2,3,3,0,5,0,87,3,27,0,0,3,2,23,24,0,0,0,0,0, 
org::apache::lucene::analysis::shingle::ShingleMatrixFilter ,10,2,1,9,136,0,17,0,276,17,13,14,2,3,15,118,58,0,0,0,0,0, 
org::apache::regexp::RegexpTunnel ,2,1,1,1,0,0,0,0,4,1,9,0,0,0,1,2,1,0,0,0,0,0, 
org::apache::lucene::index::memory::SynonymMap ,9,1,1,8,36,0,3,0,270,9,9,3,5,0,3,100,59,0,0,0,0,0, 
org::apache::lucene::search::spell::SuggestWordQueue ,3,2,1,2,1,0,0,1,9,2,19,0,0,0,0,4,2,0,0,0,0,0, 
org::apache::lucene::xmlparser::builders::TermQueryBuilder ,4,1,1,3,1,0,0,0,10,2,10,0,0,0,2,8,1,0,0,0,0,0, 
org::apache::lucene::benchmark::utils::ExtractWikipedia ,11,1,0,11,15,0,4,0,103,6,9,1,1,1,5,49,20,0,0,0,0,0, 
org::tartarus::snowball::ext::ItalianStemmer ,1,2,0,1,66,0,14,6,924,12,35,14,11,0,1,102,164,0,0,0,0,0, 
org::apache::lucene::analysis::query::QueryAutoStopWordAnalyzer ,7,2,1,6,6,0,3,0,43,4,15,0,0,2,4,33,11,0,0,0,0,0, 
org::tartarus::snowball::ext::SwedishStemmer ,1,2,0,1,15,0,7,6,265,6,35,7,5,0,1,23,41,0,0,0,0,0, 
org::apache::lucene::ant::IndexTask ,16,1,1,15,66,0,10,0,199,12,0,10,1,0,11,69,29,0,0,0,0,0, 
org::apache::lucene::index::SegmentInfos ,29,1,19,11,528,0,19,0,306,33,0,8,2,2,27,107,53,4,0,0,0,0, 
org::apache::lucene::search::ParallelMultiSearcher ,4,4,2,2,6,0,2,0,24,4,50,2,0,0,4,9,4,1,0,0,0,0, 
org::apache::lucene::benchmark::byTask::tasks::CloseReaderTask ,3,2,0,3,1,0,0,2,11,2,39,0,0,0,2,6,3,0,0,0,0,0, 
org::apache::lucene::index::SegmentTermDocs ,8,1,3,5,55,3,16,0,128,11,16,7,1,2,6,39,37,0,0,0,0,0, 
org::apache::lucene::queryParser::MultiFieldQueryParser ,9,2,4,5,28,0,2,56,73,8,68,0,1,0,2,41,24,0,0,0,0,0, 
org::apache::lucene::benchmark::AbstractBenchmarker ,2,1,1,1,0,1,0,0,25,1,10,0,0,0,1,7,8,0,0,0,0,0, 
org::apache::lucene::queryParser::precedence::FastCharStream ,3,1,1,2,91,0,6,0,75,14,21,0,1,6,13,24,19,0,0,0,0,0, 
org::apache::lucene::search::MultiTermQuery ,24,2,13,12,45,5,2,0,76,10,39,0,0,0,8,44,20,0,0,0,0,0, 
org::apache::lucene::store::instantiated::InstantiatedIndexWriter ,27,1,3,25,153,0,10,0,469,18,9,10,0,0,17,277,50,1,0,0,0,0, 
org::apache::lucene::search::BooleanClause ,18,1,16,3,45,0,2,0,37,10,18,2,0,0,10,17,14,0,0,0,0,0, 
org::apache::lucene::search::QueryFilter ,2,3,0,2,3,0,0,2,9,3,27,0,0,0,3,6,3,0,0,0,0,0, 
org::apache::lucene::analysis::Tokenizer ,9,2,8,1,3,10,1,0,9,3,13,0,0,0,2,4,3,0,0,0,0,0, 
org::apache::lucene::store::RAMFile ,4,1,4,0,45,1,6,0,41,10,18,3,0,3,0,15,11,0,0,0,0,0, 
org::apache::lucene::benchmark::byTask::feeds::ReutersDocMaker ,9,2,1,8,10,1,5,11,68,5,33,5,0,0,3,42,11,0,0,0,0,0, 
org::apache::lucene::search::spell::SpellChecker ,16,1,3,13,105,0,7,0,176,15,9,5,6,1,9,74,48,0,0,0,0,0, 
org::apache::lucene::benchmark::stats::TimeData ,5,1,2,3,36,0,6,0,42,9,9,1,0,5,8,20,11,0,0,0,0,0, 
org::apache::lucene::search::payloads::PayloadSpanUtil ,15,1,1,14,6,0,1,0,117,4,9,1,2,0,2,52,27,0,0,0,0,0, 
org::apache::lucene::search::spans::SpanQueue ,2,2,0,2,1,0,0,1,16,2,19,0,0,0,1,8,4,0,0,0,0,0, 
org::apache::lucene::index::memory::MemoryIndex ,11,1,4,9,45,0,8,0,226,10,18,8,4,0,6,84,33,1,0,0,0,0, 
org::apache::lucene::store::instantiated::InstantiatedDocument ,7,1,6,1,21,0,4,0,21,7,18,4,0,0,6,8,7,0,0,0,0,0, 
org::apache::lucene::search::Sort ,5,1,3,2,6,0,3,0,20,4,18,0,0,1,4,10,6,1,0,0,0,0, 
org::apache::lucene::index::Payload ,14,1,9,5,55,0,3,0,76,11,27,0,0,0,11,21,23,0,0,0,0,0, 
org::apache::lucene::benchmark::byTask::tasks::SearchTravTask ,3,3,0,3,36,3,1,2,28,9,55,0,0,0,9,13,9,0,0,0,0,0, 
org::apache::lucene::analysis::compound::hyphenation::TernaryTree ,6,1,1,5,153,1,9,0,267,18,27,0,3,0,12,73,44,0,0,0,0,0, 
org::apache::lucene::analysis::ru::RussianAnalyzer ,6,2,1,5,3,0,32,0,26,3,15,32,1,0,2,12,5,0,0,0,0,0, 
org::apache::lucene::analysis::LowerCaseTokenizer ,9,5,8,1,1,0,0,1,6,2,23,0,0,0,1,3,2,0,0,0,0,0, 
org::apache::lucene::search::highlight::QueryTermExtractor ,8,1,0,8,6,0,0,0,61,4,9,0,3,0,1,27,14,0,0,0,0,0, 
org::tartarus::snowball::ext::HungarianStemmer ,1,2,0,1,120,0,14,6,907,16,35,14,15,0,1,138,171,0,0,0,0,0, 
org::apache::lucene::search::highlight::SimpleHTMLEncoder ,3,1,1,2,3,0,0,0,49,3,10,0,0,0,3,17,11,0,0,0,0,0, 
org::apache::lucene::search::PrefixQuery ,13,3,6,7,10,0,1,2,25,5,49,1,0,0,4,19,7,0,0,0,0,0, 
org::apache::lucene::analysis::standard::StandardAnalyzer ,12,2,6,6,36,0,6,0,48,9,15,4,0,0,9,24,10,0,0,0,0,0, 
org::apache::lucene::document::FieldSelectorResult ,1,1,1,0,3,0,8,0,16,3,18,1,1,0,2,5,7,0,0,0,0,0, 
org::apache::lucene::search::TopFieldDocs ,1,2,1,0,0,0,1,2,4,1,21,0,0,1,0,1,1,0,0,0,0,0, 
org::apache::lucene::index::BufferedDeletes ,4,1,1,3,6,0,4,0,71,4,9,0,0,4,0,47,15,0,0,0,0,0, 
org::apache::lucene::index::IntBlockPool ,4,1,2,2,3,0,7,0,29,3,9,1,0,6,3,6,6,0,0,0,0,0, 
org::apache::lucene::analysis::ar::ArabicLetterTokenizer ,5,5,3,2,1,0,0,1,6,2,23,0,0,0,1,4,3,0,0,0,0,0, 
org::apache::lucene::search::SampleComparable ,5,1,1,4,6,0,2,0,86,4,18,0,0,2,4,12,5,0,0,0,0,0, 
org::apache::lucene::search::Searcher ,38,2,38,1,55,3,1,0,16,11,26,1,0,0,10,13,5,0,0,0,0,0, 
org::apache::lucene::index::InvertedDocEndConsumerPerThread ,2,1,2,0,6,1,0,0,0,4,9,0,0,0,0,4,0,0,0,0,0,0, 
org::apache::lucene::analysis::LengthFilter ,3,3,1,2,1,0,2,1,19,2,16,0,0,2,2,4,5,0,0,0,0,0, 
org::apache::lucene::search::PhraseQueue ,2,2,1,1,1,0,0,1,16,2,19,0,0,0,0,3,4,0,0,0,0,0, 
org::apache::lucene::index::GCJTermDocs ,1,2,1,0,1,0,0,9,3,2,26,0,0,0,2,2,1,0,0,0,0,0, 
org::apache::lucene::search::regex::JakartaRegexpCapabilities ,4,1,1,3,15,0,1,0,23,6,12,1,0,0,6,14,12,0,0,0,0,0, 
org::apache::lucene::xmlparser::DOMUtils ,29,1,20,9,91,0,0,0,166,14,9,0,1,0,13,71,39,0,0,0,0,0, 
org::apache::lucene::util::cache::SimpleMapCache ,1,2,1,1,21,2,1,0,21,7,15,0,0,1,6,12,7,0,0,0,0,0, 
org::apache::lucene::analysis::de::GermanAnalyzer ,4,2,0,4,3,0,3,0,14,3,15,2,0,0,3,10,3,0,0,0,0,0, 
org::apache::lucene::xmlparser::FilterBuilderFactory ,6,1,4,2,6,0,1,0,14,4,10,0,0,1,4,11,4,0,0,0,0,0, 
org::apache::lucene::benchmark::byTask::tasks::RepSumByNameRoundTask ,6,3,0,6,3,0,0,12,40,3,46,0,0,0,2,28,6,0,0,0,0,0, 
org::apache::lucene::benchmark::byTask::tasks::RepSumByPrefRoundTask ,7,4,0,7,3,0,0,13,40,3,51,0,0,0,2,31,7,0,0,0,0,0, 
org::apache::lucene::index::DefaultSkipListWriter ,6,2,4,2,15,0,11,0,79,6,15,11,0,0,0,18,10,0,0,0,0,0, 
org::apache::lucene::index::SegmentMergeQueue ,5,2,2,3,3,0,0,1,16,3,19,0,0,0,0,8,5,0,0,0,0,0, 
org::apache::lucene::search::highlight::WeightedSpanTerm ,4,2,4,0,15,0,2,2,33,6,14,1,0,1,6,10,9,0,0,0,0,0, 
org::apache::lucene::index::TermsHash ,8,2,2,7,45,0,10,1,166,10,15,4,0,6,5,52,29,0,0,0,0,0, 
org::apache::lucene::benchmark::byTask::feeds::SortableSimpleDocMaker ,5,3,0,5,3,0,1,12,16,3,36,1,1,0,1,14,3,0,0,0,0,0, 
org::apache::lucene::analysis::KeywordAnalyzer ,6,2,4,2,3,0,0,0,12,3,15,0,0,0,3,8,3,0,0,0,0,0, 
org::apache::lucene::xmlparser::builders::CachedFilterBuilder ,9,1,1,8,1,0,4,0,47,2,10,4,0,0,2,12,6,0,0,0,0,0, 
org::apache::lucene::search::highlight::TextFragment ,4,1,3,1,21,0,5,0,24,7,9,0,0,5,6,9,7,0,0,0,0,0, 
org::apache::lucene::benchmark::byTask::stats::TaskStats ,14,1,9,5,91,0,10,0,69,14,18,10,0,0,12,34,17,0,0,0,0,0, 
org::apache::lucene::search::ScoreDoc ,1,1,1,0,0,1,2,0,4,1,18,0,0,2,1,1,1,0,0,0,0,0, 
org::apache::lucene::search::ReqExclScorer ,4,3,1,3,21,0,3,0,79,7,17,3,1,0,6,28,24,0,0,0,0,0, 
org::apache::lucene::queryParser::precedence::Token ,2,1,2,0,3,0,8,0,9,3,9,0,0,8,3,4,2,0,0,0,0,0, 
org::apache::lucene::index::TermInfosWriter ,10,1,2,8,21,0,19,0,114,7,9,11,5,5,0,35,26,0,0,0,0,0, 
org::apache::lucene::search::function::ReverseOrdFieldSource ,4,2,1,3,10,0,2,0,44,5,23,1,0,1,5,10,6,0,0,0,0,0, 
org::apache::lucene::benchmark::byTask::tasks::CreateIndexTask ,8,2,2,6,3,0,0,2,66,3,39,0,0,0,3,41,6,0,0,0,0,0, 
org::apache::lucene::search::highlight::NullFragmenter ,4,1,4,0,3,0,0,0,5,3,11,0,0,0,3,3,2,0,0,0,0,0, 
org::apache::lucene::benchmark::byTask::tasks::ClearStatsTask ,3,2,0,3,3,0,0,2,10,3,39,0,0,0,2,6,3,0,0,0,0,0, 
org::apache::lucene::queryParser::QueryParserTokenManager ,3,1,1,2,496,0,19,38,1040,32,9,2,26,7,5,184,334,0,0,0,0,0, 
org::apache::lucene::analysis::ru::RussianCharsets ,2,1,1,1,0,0,3,0,41,1,9,0,0,3,1,2,16,0,0,0,0,0, 
org::apache::lucene::search::highlight::WeightedTerm ,4,1,4,0,10,1,2,0,16,5,9,0,0,2,5,5,5,0,0,0,0,0, 
org::apache::lucene::queryParser::QueryParser ,73,1,46,27,2628,5,42,38,1009,73,9,24,14,16,42,345,290,1,0,0,0,0, 
org::apache::lucene::store::RAMOutputStream ,12,2,9,3,78,1,7,0,98,13,24,6,2,0,10,34,24,0,0,0,0,0, 
org::apache::lucene::store::RAMInputStream ,5,2,3,2,28,1,8,0,68,8,42,7,1,0,6,16,20,0,0,0,0,0, 
org::apache::lucene::search::PhrasePositions ,5,1,3,2,10,0,7,0,35,5,9,0,0,7,0,14,8,0,0,0,0,0, 
org::apache::lucene::analysis::miscellaneous::PrefixAndSuffixAwareTokenFilter ,6,2,4,2,15,0,1,0,32,6,13,1,0,0,6,18,6,0,0,0,0,0, 
org::apache::lucene::analysis::br::BrazilianStemmer ,3,1,1,2,171,0,5,0,847,19,9,5,16,0,2,423,321,0,0,0,0,0, 
org::apache::lucene::search::SloppyPhraseScorer ,6,4,2,4,10,0,4,5,139,5,27,4,3,0,0,30,40,0,0,0,0,0, 
org::apache::lucene::benchmark::quality::QualityStats ,8,1,3,5,120,0,12,0,154,16,9,11,2,0,14,57,40,0,0,0,0,0, 
org::apache::lucene::index::DocFieldConsumers ,4,2,2,4,36,0,5,1,80,9,15,0,0,5,6,35,13,0,0,0,0,0, 
org::apache::lucene::index::SegmentTermPositionVector ,1,2,1,0,3,0,3,0,26,3,31,0,0,0,3,3,9,0,0,0,0,0, 
org::apache::lucene::store::je::JEIndexInput ,6,2,1,5,28,0,5,0,88,8,33,0,0,0,7,35,16,0,0,0,0,0, 
org::apache::lucene::search::CachingSpanFilter ,3,3,0,3,28,0,2,0,39,8,22,0,1,0,7,19,13,0,0,0,0,0, 
